dataset,seed,train_rmse,test_rmse,train_r2,test_r2,model,simpl_model,size,simpl_size,runtime,coeff_mut,gom_coeff_mut_strat,ims,linear_scaling,data_standardization,quick_test
korns-11,0,7.838756166426591,7.721703490280093,0.00015559916988217015,0.029793120344361768,7.118631+-0.037551*((sqrt(((x3-x1)-log(-207311147.081260)))-(log((x3/x2))+cos((x3-x1))))),-0.164324700638453*sqrt(-0.052220053733016*x1 + 0.052220053733016*x3 - 1 - 0.052220053733016*I*pi) + 0.037551*log(x3/x2) + 0.037551*cos(x1 - x3) + 7.118631,17,34,44.334254026412964,1.0_0.9_0.9_5,interleaved,False,True,False,False
