gen,time,evals,best_fit,best_size,pop_size
1,2.571808,46975,0.0,9,1024
2,4.437558,93754,0.0,9,1024
3,5.975612,121860,0.0,9,1024
4,7.761292,171513,0.0,11,1024
5,10.791036,266885,0.0,11,1024
6,13.944734,363314,0.0,7,1024
7,17.242382,456320,0.0,7,1024
8,20.057987,547758,0.0,7,1024
9,22.888123,637513,0.0,7,1024
10,25.488045,725086,0.0,7,1024
11,28.140039,810664,0.0,7,1024
12,30.597323,894580,0.0,7,1024
13,33.16222,977694,0.0,7,1024
14,35.646516,1062114,0.0,7,1024
