gen,time,evals,best_fit,best_size,pop_size
1,2.534032,47340,0.0,13,1024
2,4.487752,99755,0.0,13,1024
3,5.904282,131872,0.0,13,1024
4,7.234986,169479,0.0,7,1024
5,9.675242,253982,0.0,7,1024
6,12.277973,344055,0.0,9,1024
7,15.310112,438174,0.0,9,1024
8,18.002233,528248,0.0,9,1024
9,20.799702,617874,0.0,9,1024
10,23.387485,705087,0.0,9,1024
11,26.12971,793446,0.0,9,1024
12,28.813945,882025,0.0,9,1024
13,31.61498,968884,0.0,9,1024
14,34.248262,1054664,0.0,9,1024
