gen,time,evals,best_fit,best_size,pop_size
1,2.393421,45638,0.0,5,1024
2,4.101287,91334,0.0,5,1024
3,5.601888,125842,0.0,8,1024
4,7.223757,188113,0.0,8,1024
5,9.286813,279210,0.0,8,1024
6,11.198131,369659,0.0,4,1024
7,13.050978,459116,0.0,4,1024
8,14.755471,547016,0.0,4,1024
9,16.532399,635504,0.0,4,1024
10,18.186738,723890,0.0,4,1024
11,19.911976,811147,0.0,4,1024
12,21.596831,898455,0.0,4,1024
13,23.280693,983666,0.0,4,1024
14,25.006524,1072013,0.0,4,1024
