gen,time,evals,best_fit,best_size,pop_size
1,2.333478,48190,0.0,7,1024
2,3.996453,92553,0.0,7,1024
3,5.105808,116812,0.0,7,1024
4,5.974897,132112,0.0,4,1024
5,7.946754,187616,0.0,4,1024
6,11.269035,278232,0.0,4,1024
7,14.631011,373178,0.0,4,1024
8,17.475848,463194,0.0,4,1024
9,20.124508,549883,0.0,4,1024
10,22.742817,636318,0.0,4,1024
11,25.323584,720438,0.0,4,1024
12,27.947347,807009,0.0,4,1024
13,30.680885,894503,0.0,4,1024
14,33.393023,979714,0.0,4,1024
15,36.112296,1062897,0.0,4,1024
