gen,time,evals,best_fit,best_size,pop_size
1,2.521755,46724,0.0,7,1024
2,4.39192,98841,0.0,7,1024
3,5.7748,128473,0.0,7,1024
4,6.900505,153451,0.0,7,1024
5,9.133191,219155,0.0,7,1024
6,11.893757,306894,0.0,7,1024
7,15.018075,400478,0.0,7,1024
8,17.929226,491610,0.0,7,1024
9,20.991762,580113,0.0,7,1024
10,23.817932,666526,0.0,7,1024
11,26.754804,749212,0.0,7,1024
12,29.62279,833420,0.0,7,1024
13,32.704701,920307,0.0,7,1024
14,35.304445,1005698,0.0,7,1024
