gen,time,evals,best_fit,best_size,pop_size
1,2.544079,50057,0.0,15,1024
2,4.423654,100634,0.0,15,1024
3,5.78964,131903,0.0,15,1024
4,7.320833,175552,0.0,15,1024
5,9.837486,269252,0.0,7,1024
6,12.245395,357055,0.0,6,1024
7,14.664428,448381,0.0,6,1024
8,16.79033,538003,0.0,6,1024
9,19.078197,626721,0.0,6,1024
10,21.077545,713197,0.0,6,1024
11,23.329246,800963,0.0,6,1024
12,25.495904,888065,0.0,6,1024
13,27.653453,974841,0.0,6,1024
14,29.802565,1063034,0.0,6,1024
