gen,time,evals,best_fit,best_size,pop_size
1,2.554967,47659,0.0,9,1024
2,4.036421,85491,0.0,8,1024
3,5.236498,107238,0.0,8,1024
4,6.579564,149135,0.0,8,1024
5,8.674487,236181,0.0,8,1024
6,10.833778,326392,0.0,8,1024
7,13.311819,416987,0.0,8,1024
8,15.66222,508150,0.0,8,1024
9,17.779328,596139,0.0,8,1024
10,19.62859,681067,0.0,8,1024
11,21.553939,766412,0.0,8,1024
12,23.370404,851663,0.0,8,1024
13,25.336019,937995,0.0,8,1024
14,27.147957,1022116,0.0,8,1024
