gen,time,evals,best_fit,best_size,pop_size
1,2.285124,46673,0.0,5,1024
2,3.811874,87588,0.0,5,1024
3,4.99211,112437,0.0,5,1024
4,6.10056,145372,0.0,5,1024
5,7.893306,229617,0.0,5,1024
6,9.542395,307336,0.0,5,1024
7,11.371868,397871,0.0,5,1024
8,13.153814,487044,0.0,5,1024
9,14.964781,575643,0.0,5,1024
10,16.716075,665684,0.0,5,1024
11,18.465348,753031,0.0,5,1024
12,20.174329,840945,0.0,5,1024
13,21.925413,927765,0.0,5,1024
14,23.653237,1015748,0.0,5,1024
