gen,time,evals,best_fit,best_size,pop_size
1,2.372985,46152,0.0,8,1024
2,4.355369,100296,0.0,5,1024
3,5.869022,140993,0.0,5,1024
4,7.86616,214077,0.0,5,1024
5,10.052018,305141,0.0,5,1024
6,12.029317,391565,0.0,5,1024
7,14.046214,480395,0.0,5,1024
8,15.943224,565422,0.0,5,1024
9,17.833768,651477,0.0,5,1024
10,19.660752,736331,0.0,5,1024
11,21.535006,821969,0.0,5,1024
12,23.377187,908940,0.0,5,1024
13,25.226698,995606,0.0,7,1024
14,27.215832,1081143,0.0,5,1024
