gen,time,evals,best_fit,best_size,pop_size
1,2.516766,47659,0.0,9,1024
2,4.197877,92004,0.0,10,1024
3,5.391079,110113,0.0,10,1024
4,6.339625,124426,0.0,10,1024
5,8.556404,183276,0.0,5,1024
6,11.632772,278393,0.0,5,1024
7,14.758914,370445,0.0,5,1024
8,17.653059,457327,0.0,9,1024
9,20.626317,542126,0.0,9,1024
10,23.421963,624215,0.0,9,1024
11,26.140649,704364,0.0,9,1024
12,28.859316,784739,0.0,9,1024
13,32.028939,865017,0.0,9,1024
14,34.923333,945995,0.0,9,1024
15,37.84058,1026735,0.0,9,1024
