gen,time,evals,best_fit,best_size,pop_size
1,2.347765,46284,0.0,16,1024
2,4.071969,96615,0.0,16,1024
3,5.452409,128773,0.0,7,1024
4,6.589588,159835,0.0,7,1024
5,8.578604,237340,0.0,7,1024
6,10.749971,329364,0.0,7,1024
7,12.910525,419278,0.0,7,1024
8,14.896249,507980,0.0,7,1024
9,16.644978,581552,0.0,4,1024
10,18.736702,669972,0.0,4,1024
11,20.852725,757244,0.0,4,1024
12,22.820224,843925,0.0,4,1024
13,24.872081,930916,0.0,4,1024
14,26.770959,1016464,0.0,4,1024
