gen,time,evals,best_fit,best_size,pop_size
1,2.508416,46987,0.0,4,1024
2,4.239766,93817,0.0,4,1024
3,5.615963,120237,0.0,4,1024
4,6.954311,156383,0.0,4,1024
5,9.642412,242050,0.0,4,1024
6,12.680947,335535,0.0,4,1024
7,15.725447,428855,0.0,4,1024
8,18.199974,519883,0.0,4,1024
9,20.634562,607904,0.0,4,1024
10,22.952873,696611,0.0,4,1024
11,25.365168,784643,0.0,4,1024
12,27.621917,871080,0.0,4,1024
13,30.069376,955401,0.0,4,1024
14,32.223325,1041797,0.0,4,1024
