gen,time,evals,best_fit,best_size,pop_size
1,2.431782,46597,0.0,6,1024
2,4.183017,96615,0.0,9,1024
3,5.695643,132881,0.0,9,1024
4,7.409777,187180,0.0,4,1024
5,9.315815,253907,0.0,4,1024
6,11.578349,344586,0.0,4,1024
7,13.8045,429223,0.0,4,1024
8,16.16798,521335,0.0,4,1024
9,18.685393,612576,0.0,4,1024
10,21.079554,701708,0.0,4,1024
11,23.597532,789726,0.0,4,1024
12,26.083096,878367,0.0,4,1024
13,28.627944,960843,0.0,4,1024
14,30.828254,1042302,0.0,4,1024
