gen,time,evals,best_fit,best_size,pop_size
1,2.529171,49524,0.0,5,1024
2,4.159102,95468,0.0,14,1024
3,5.424091,126079,0.0,14,1024
4,6.686566,168372,0.0,14,1024
5,8.809572,260202,0.0,14,1024
6,10.916501,353899,0.0,14,1024
7,13.011067,444072,0.0,14,1024
8,14.99929,537363,0.0,14,1024
9,17.027444,629539,0.0,14,1024
10,18.994142,718844,0.0,14,1024
11,21.101466,808788,0.0,14,1024
12,23.206945,900736,0.0,14,1024
13,25.676216,989671,0.0,14,1024
14,27.736263,1079307,0.0,14,1024
