gen,time,evals,best_fit,best_size,pop_size
1,2.577554,49410,0.0,10,1024
2,4.464971,99062,0.0,5,1024
3,5.670001,121445,0.0,5,1024
4,6.495764,133740,0.0,5,1024
5,7.948444,175548,0.0,5,1024
6,10.010745,263753,0.0,5,1024
7,12.095873,350845,0.0,5,1024
8,14.080171,436909,0.0,5,1024
9,16.127937,522768,0.0,5,1024
10,18.056889,607706,0.0,5,1024
11,20.03915,691101,0.0,5,1024
12,21.932088,773945,0.0,5,1024
13,23.948085,860085,0.0,5,1024
14,25.896182,946405,0.0,5,1024
15,27.741973,1020031,0.0,5,1024
