gen,time,evals,best_fit,best_size,pop_size
1,2.497648,46584,0.0,12,1024
2,4.155809,90817,0.0,13,1024
3,5.706545,134082,0.0,5,1024
4,8.096656,227792,0.0,5,1024
5,10.410962,321505,0.0,7,1024
6,12.399454,409364,0.0,7,1024
7,14.499566,499463,0.0,7,1024
8,16.457121,587585,0.0,7,1024
9,18.612093,674103,0.0,7,1024
10,20.402287,759458,0.0,7,1024
11,22.147338,839521,0.0,7,1024
12,23.861482,921257,0.0,7,1024
13,25.666452,1006243,0.0,7,1024
