gen,time,evals,best_fit,best_size,pop_size
1,1.757279,48246,0.0,6,1024
2,2.842793,88990,0.0,7,1024
3,3.994204,128585,0.0,7,1024
4,5.418442,199633,0.0,7,1024
5,7.160965,291278,0.0,7,1024
6,8.831279,379764,0.0,4,1024
7,10.622852,470789,0.0,4,1024
8,12.421892,560008,0.0,4,1024
9,14.222535,649675,0.0,4,1024
10,16.027103,737759,0.0,4,1024
11,17.908959,826992,0.0,4,1024
12,19.741406,913878,0.0,4,1024
13,21.530998,1000070,0.0,4,1024
