gen,time,evals,best_fit,best_size,pop_size
1,2.646611,50896,0.0,6,1024
2,4.718552,104430,0.0,6,1024
3,6.240089,133785,0.0,4,1024
4,7.718532,173167,0.0,4,1024
5,10.240234,259827,0.0,4,1024
6,12.604373,351989,0.0,4,1024
7,14.636781,438496,0.0,4,1024
8,16.629595,526508,0.0,4,1024
9,18.644788,612259,0.0,5,1024
10,20.695973,700317,0.0,5,1024
11,22.772223,788882,0.0,5,1024
12,24.803516,876403,0.0,5,1024
13,26.884185,964267,0.0,5,1024
14,28.860504,1048904,0.0,5,1024
