gen,time,evals,best_fit,best_size,pop_size
1,2.421073,46498,0.0,6,1024
2,4.333433,98751,0.0,5,1024
3,5.809884,135652,0.0,8,1024
4,7.788668,216045,0.0,8,1024
5,10.030249,304710,0.0,8,1024
6,12.115041,392598,0.0,8,1024
7,14.170044,477970,0.0,8,1024
8,16.109453,564195,0.0,8,1024
9,18.122152,650055,0.0,8,1024
10,19.991088,734606,0.0,8,1024
11,22.055808,819597,0.0,8,1024
12,23.928443,906304,0.0,8,1024
13,25.864125,991991,0.0,8,1024
14,27.707079,1077720,0.0,8,1024
