gen,time,evals,best_fit,best_size,pop_size
1,2.578096,47388,0.0,5,1024
2,4.436588,95459,0.0,5,1024
3,5.927205,126008,0.0,5,1024
4,7.2974,162894,0.0,5,1024
5,9.66842,244051,0.0,5,1024
6,12.020861,332986,0.0,5,1024
7,14.339109,424037,0.0,5,1024
8,16.351894,515143,0.0,5,1024
9,18.401339,604718,0.0,5,1024
10,20.316487,692366,0.0,5,1024
11,22.510903,777854,0.0,5,1024
12,24.413069,862562,0.0,5,1024
13,26.369428,948904,0.0,5,1024
14,28.265404,1035487,0.0,5,1024
