dataset,seed,train_rmse,test_rmse,train_r2,test_r2,model,simpl_model,size,simpl_size,runtime,coeff_mut,gom_coeff_mut_strat,ims,linear_scaling,data_standardization,quick_test
korns-4,2,1.3348704104568434e-15,1.335933722896468e-15,1.0,1.0,-2.300000+1833597752754225893091423118276480854028353341240028233515768217600.000000*((sin(x2)/exp(154.617117))),0.1299999984502622648369072329003741252441570920817239820230443517190543901*sin(x2) - 2.3,5,6,39.03602981567383,0.5_es,within,False,True,False,False
