dataset,seed,train_rmse,test_rmse,train_r2,test_r2,model,simpl_model,size,simpl_size,runtime,coeff_mut,gom_coeff_mut_strat,ims,linear_scaling,data_standardization,quick_test
korns-4,9,1.3430964051368458e-15,1.3438377235653125e-15,1.0,1.0,-2.300000+762437905037797859572896527233377807620383368851168446809991332878011341349008348563673871384423796717256672814874226063941367373277828225456668672.000000*((sin(x2)/exp(340.248995))),0.1300000375464267001570464885671075741234534631158723442512960689725065588362440394121222198009490966796875*sin(x2) - 2.3,5,6,39.10032796859741,0.5_0.9_0.1_-1,afteronce,False,True,False,False
