gen,time,evals,best_fit,best_size,pop_size
1,1.962887,52127,0.002325,10,1024
2,4.11805,120418,0.002158,13,1024
3,6.549981,197062,0.000962,18,1024
4,9.538919,295748,0.0,11,1024
5,13.242453,392566,0.0,16,1024
6,15.669402,486912,0.0,11,1024
7,18.26344,578583,0.0,16,1024
8,20.958618,673218,0.0,16,1024
9,23.987356,764197,0.0,16,1024
10,26.605705,845877,0.0,16,1024
11,29.316053,926919,0.0,16,1024
12,31.987485,1009041,0.0,16,1024
