gen,time,evals,best_fit,best_size,pop_size
1,2.036091,52630,0.000283,14,1024
2,4.310209,117451,1e-05,14,1024
3,6.520481,181926,6e-06,23,1024
4,8.892905,258497,2e-06,13,1024
5,11.875542,350326,2e-06,13,1024
6,14.919739,450193,2e-06,15,1024
7,17.724223,548997,2e-06,21,1024
8,19.946232,636845,2e-06,18,1024
9,22.239513,718296,2e-06,18,1024
10,24.589016,800564,2e-06,18,1024
11,26.971873,879617,2e-06,18,1024
12,29.25644,956623,1e-06,19,1024
13,31.634945,1034594,1e-06,19,1024
