gen,time,evals,best_fit,best_size,pop_size
1,1.918326,52956,0.002321,17,1024
2,4.1198,119405,0.001386,14,1024
3,6.705,198076,4.6e-05,21,1024
4,9.570473,285005,3e-06,15,1024
5,12.579312,369629,2e-06,13,1024
6,15.8056,462424,0.0,14,1024
7,19.145639,558654,0.0,14,1024
8,22.366389,654251,0.0,15,1024
9,25.482787,745012,0.0,18,1024
10,28.477382,834008,0.0,18,1024
11,31.375525,920874,0.0,15,1024
12,34.172823,1007819,0.0,24,1024
