gen,time,evals,best_fit,best_size,pop_size
1,1.87723,51654,0.000406,14,1024
2,4.006284,119114,1.4e-05,14,1024
3,6.506497,197618,1e-06,14,1024
4,9.401265,292609,1e-06,14,1024
5,13.492262,384669,0.0,19,1024
6,16.280228,478428,0.0,19,1024
7,18.677273,556923,0.0,20,1024
8,20.824391,627681,0.0,20,1024
9,22.96291,697136,0.0,20,1024
10,25.146789,768340,0.0,19,1024
11,27.750055,841875,0.0,19,1024
12,30.302754,919471,0.0,19,1024
13,33.184776,1002788,0.0,19,1024
