gen,time,evals,best_fit,best_size,pop_size
1,2.010013,56115,0.002166,10,1024
2,4.237674,124333,0.00108,21,1024
3,6.445967,193114,0.000175,16,1024
4,8.817662,268631,0.0,11,1024
5,11.32313,350650,0.0,11,1024
6,14.155428,449587,0.0,11,1024
7,16.538595,542735,0.0,11,1024
8,18.341231,611096,0.0,11,1024
9,20.128772,676996,0.0,11,1024
10,21.837922,743962,0.0,11,1024
11,23.647022,810460,0.0,11,1024
12,25.363483,876787,0.0,11,1024
13,27.103575,939832,0.0,11,1024
14,28.73303,1002305,0.0,11,1024
