gen,time,evals,best_fit,best_size,pop_size
1,1.987449,52789,0.002197,22,1024
2,4.0963,117027,0.002118,19,1024
3,6.159214,181220,2e-06,11,1024
4,8.167703,247609,2e-06,11,1024
5,10.477375,338706,2e-06,11,1024
6,12.970494,432690,0.0,15,1024
7,15.702934,528168,0.0,11,1024
8,18.605276,623443,0.0,11,1024
9,21.387043,708485,0.0,11,1024
10,23.914346,781688,0.0,11,1024
11,26.444901,855626,0.0,11,1024
12,28.992645,932742,0.0,11,1024
13,31.63554,1016642,0.0,11,1024
