gen,time,evals,best_fit,best_size,pop_size
1,1.949601,50762,0.000945,20,1024
2,3.945311,116358,0.000358,20,1024
3,6.812633,200588,7e-06,16,1024
4,9.239757,285833,2e-06,15,1024
5,11.677696,362866,1e-06,14,1024
6,14.63973,459405,1e-06,14,1024
7,18.663687,559091,1e-06,14,1024
8,21.664107,657109,0.0,11,1024
9,24.435335,748551,0.0,11,1024
10,26.936681,833616,0.0,11,1024
11,29.472561,915280,0.0,11,1024
12,31.780907,988589,0.0,11,1024
13,34.118988,1060272,0.0,11,1024
