gen,time,evals,best_fit,best_size,pop_size
1,1.388558,52997,0.001305,25,1024
2,2.969443,121991,0.000394,16,1024
3,4.521551,191421,1e-06,12,1024
4,6.303377,280413,0.0,15,1024
5,8.328163,376913,0.0,15,1024
6,10.39447,471593,0.0,11,1024
7,12.984776,559383,0.0,16,1024
8,14.929247,649276,0.0,16,1024
9,17.007374,738366,0.0,16,1024
10,18.918381,826705,0.0,16,1024
11,20.912255,914796,0.0,17,1024
12,22.801276,993278,0.0,17,1024
13,24.655013,1068433,0.0,17,1024
