gen,time,evals,best_fit,best_size,pop_size
1,1.376687,54660,0.00316,11,1024
2,3.043378,128541,0.001352,15,1024
3,4.799289,206279,0.001018,20,1024
4,6.639887,290788,0.00044,20,1024
5,8.534053,377825,0.0,11,1024
6,11.104155,474715,0.0,11,1024
7,14.232305,573207,0.0,11,1024
8,17.14965,670015,0.0,11,1024
9,19.225965,745442,0.0,11,1024
10,21.107688,813499,0.0,11,1024
11,22.931627,880447,0.0,15,1024
12,24.775361,947210,0.0,13,1024
13,26.611243,1013753,0.0,13,1024
