gen,time,evals,best_fit,best_size,pop_size
1,1.959629,53281,0.002262,13,1024
2,4.249548,123305,0.000425,13,1024
3,6.425909,187022,3e-06,13,1024
4,8.67247,255834,2e-06,13,1024
5,10.93424,319518,1e-06,13,1024
6,13.648411,402306,0.0,11,1024
7,16.600893,501068,0.0,17,1024
8,19.297858,594061,0.0,14,1024
9,21.92703,685718,0.0,14,1024
10,24.407848,772121,0.0,14,1024
11,27.068966,861324,0.0,14,1024
12,29.800804,953417,0.0,14,1024
13,32.580368,1045323,0.0,14,1024
