gen,time,evals,best_fit,best_size,pop_size
1,1.473283,41170,0.002095,17,1024
2,3.161353,97139,0.000175,19,1024
3,5.017342,159666,6.8e-05,21,1024
4,7.007166,225206,0.0,16,1024
5,8.995972,289667,0.0,16,1024
6,11.37895,368396,0.0,16,1024
7,14.276386,459182,0.0,16,1024
8,16.887575,539092,0.0,16,1024
9,19.595192,618878,0.0,16,1024
10,22.160006,696055,0.0,16,1024
11,24.930594,773964,0.0,16,1024
12,27.891588,855211,0.0,20,1024
13,31.00444,938604,0.0,20,1024
14,34.055148,1016637,0.0,20,1024
