gen,time,evals,best_fit,best_size,pop_size
1,1.560774,41844,0.002166,7,1024
2,3.434336,100728,0.000527,18,1024
3,5.599485,163969,0.0,19,1024
4,8.230291,240521,0.0,19,1024
5,11.548009,328060,0.0,19,1024
6,14.925012,417504,0.0,19,1024
7,18.412198,511827,0.0,19,1024
8,21.892998,608260,0.0,17,1024
9,26.322861,704072,0.0,17,1024
10,29.473847,797229,0.0,17,1024
11,32.237426,884463,0.0,19,1024
12,34.898008,970789,0.0,19,1024
13,37.956512,1061845,0.0,19,1024
