gen,time,evals,best_fit,best_size,pop_size
1,1.364909,54495,0.001884,17,1024
2,2.923084,124172,4.8e-05,24,1024
3,4.602115,199158,3e-06,17,1024
4,6.294128,277913,2e-06,17,1024
5,8.267702,367948,1e-06,17,1024
6,10.352617,469064,1e-06,17,1024
7,12.386097,567023,0.0,17,1024
8,14.178495,650710,0.0,15,1024
9,16.048694,734765,0.0,15,1024
10,17.897004,818324,0.0,21,1024
11,19.848118,904925,0.0,16,1024
12,21.744448,994186,0.0,15,1024
13,23.391924,1070972,0.0,15,1024
