gen,time,evals,best_fit,best_size,pop_size
1,1.961279,53763,0.004464,15,1024
2,4.141763,124036,0.001865,20,1024
3,6.370449,191610,0.000963,16,1024
4,8.371237,255943,5e-06,21,1024
5,10.321747,317746,1e-06,14,1024
6,12.294003,389472,0.0,17,1024
7,14.729552,479138,0.0,16,1024
8,17.152901,570257,0.0,15,1024
9,19.958922,667235,0.0,17,1024
10,22.572133,763854,0.0,16,1024
11,24.91219,848089,0.0,16,1024
12,27.125694,928947,0.0,17,1024
13,29.346727,1008489,0.0,17,1024
