gen,time,evals,best_fit,best_size,pop_size
1,1.947631,50004,0.00045,20,1024
2,4.132212,117410,0.000155,20,1024
3,6.621213,190356,3e-06,18,1024
4,9.224579,271284,2e-06,18,1024
5,13.160053,367937,2e-06,16,1024
6,16.324826,462207,1e-06,19,1024
7,19.690235,554751,1e-06,19,1024
8,22.827032,643525,0.0,22,1024
9,25.803519,724403,0.0,19,1024
10,28.563449,803529,0.0,19,1024
11,31.546462,883074,0.0,19,1024
12,34.513553,962418,0.0,19,1024
13,37.590252,1043856,0.0,19,1024
