gen,time,evals,best_fit,best_size,pop_size
1,1.845042,51295,0.001208,18,1024
2,3.980338,119799,0.001206,18,1024
3,6.177891,194360,0.0,14,1024
4,8.53011,278433,0.0,14,1024
5,11.113459,371360,0.0,14,1024
6,13.786841,470133,0.0,11,1024
7,16.450842,565555,0.0,11,1024
8,19.185427,662870,0.0,11,1024
9,21.427207,753018,0.0,22,1024
10,23.112809,824043,0.0,22,1024
11,24.833836,890669,0.0,22,1024
12,26.585936,963401,0.0,22,1024
13,28.683645,1038398,0.0,22,1024
