gen,time,evals,best_fit,best_size,pop_size
1,1.91398,51797,4e-06,22,1024
2,4.105887,124015,2e-06,21,1024
3,6.307311,195696,2e-06,21,1024
4,8.676135,283401,2e-06,25,1024
5,12.106873,382773,0.0,16,1024
6,15.114698,485165,0.0,16,1024
7,18.046321,576097,0.0,16,1024
8,20.79002,661644,0.0,16,1024
9,23.320927,732560,0.0,16,1024
10,25.671148,802991,0.0,16,1024
11,28.156314,874216,0.0,15,1024
12,30.535466,945755,0.0,15,1024
13,33.039044,1017317,0.0,15,1024
