gen,time,evals,best_fit,best_size,pop_size
1,1.891377,54194,0.00227,20,1024
2,4.045072,124005,0.000477,21,1024
3,6.386954,200685,0.0,12,1024
4,8.593061,272855,0.0,12,1024
5,11.047406,358712,0.0,12,1024
6,13.79856,455906,0.0,16,1024
7,16.760908,554535,0.0,16,1024
8,19.638554,647336,0.0,16,1024
9,22.312322,728904,0.0,15,1024
10,25.044901,811911,0.0,15,1024
11,27.722982,894428,0.0,15,1024
12,30.186041,974586,0.0,15,1024
13,32.634192,1051698,0.0,13,1024
