gen,time,evals,best_fit,best_size,pop_size
1,1.980151,52993,0.002156,13,1024
2,4.232608,120056,0.000224,18,1024
3,6.702359,193702,1.9e-05,13,1024
4,8.722766,250439,2e-06,15,1024
5,11.168028,322217,0.0,15,1024
6,13.851645,401567,0.0,15,1024
7,16.494335,482504,0.0,16,1024
8,19.149367,563666,0.0,16,1024
9,21.777226,643524,0.0,14,1024
10,24.369565,723887,0.0,15,1024
11,27.106732,806589,0.0,17,1024
12,29.827096,890569,0.0,15,1024
13,32.412251,973162,0.0,16,1024
14,35.107489,1057086,0.0,19,1024
