gen,time,evals,best_fit,best_size,pop_size
1,1.825784,50998,0.006685,19,1024
2,3.87323,118692,0.001062,23,1024
3,6.287022,198693,9.1e-05,16,1024
4,8.629789,278983,0.0,16,1024
5,11.23362,365815,0.0,16,1024
6,14.481961,466986,0.0,17,1024
7,17.501871,568250,0.0,17,1024
8,20.016577,659030,0.0,17,1024
9,22.495643,748861,0.0,16,1024
10,24.870626,836706,0.0,17,1024
11,27.418336,922540,0.0,15,1024
12,29.771067,1004586,0.0,15,1024
