gen,time,evals,best_fit,best_size,pop_size
1,1.390457,51347,0.001981,20,1024
2,2.905363,120627,0.001246,20,1024
3,4.661931,194894,2e-06,16,1024
4,6.538477,279632,2e-06,13,1024
5,8.379588,360638,0.0,14,1024
6,10.310415,452574,0.0,17,1024
7,12.569578,551001,0.0,19,1024
8,14.878746,650685,0.0,20,1024
9,17.182018,746901,0.0,13,1024
10,19.209675,835554,0.0,17,1024
11,21.138336,916057,0.0,17,1024
12,22.949913,997582,0.0,17,1024
13,24.85505,1078306,0.0,17,1024
