gen,time,evals,best_fit,best_size,pop_size
1,1.990144,54296,0.002099,25,1024
2,4.363822,129645,0.000152,19,1024
3,6.866366,203813,1.6e-05,19,1024
4,9.677385,295215,3e-06,19,1024
5,13.089937,394584,0.0,17,1024
6,16.243825,497234,0.0,16,1024
7,19.24226,596373,0.0,13,1024
8,21.7042,675870,0.0,16,1024
9,24.28895,751939,0.0,16,1024
10,26.819648,825654,0.0,16,1024
11,29.402171,898575,0.0,16,1024
12,31.880365,969564,0.0,16,1024
13,34.379758,1037898,0.0,16,1024
