gen,time,evals,best_fit,best_size,pop_size
1,1.834169,51566,0.001653,18,1024
2,3.785155,118066,0.0,18,1024
3,6.041077,195988,0.0,18,1024
4,8.285584,275642,0.0,18,1024
5,10.696929,341386,0.0,18,1024
6,13.332893,433583,0.0,18,1024
7,16.252627,531787,0.0,18,1024
8,19.194105,628384,0.0,21,1024
9,22.261616,725939,0.0,20,1024
10,25.389888,825356,0.0,20,1024
11,28.717424,924463,0.0,18,1024
12,31.768432,1012531,0.0,18,1024
