gen,time,evals,best_fit,best_size,pop_size
1,1.934788,51782,0.002165,20,1024
2,4.117358,116105,0.002154,16,1024
3,6.420869,183681,0.000681,21,1024
4,9.117306,263115,1.2e-05,29,1024
5,12.079755,348816,1e-06,15,1024
6,15.09964,435556,0.0,15,1024
7,18.358628,533789,0.0,13,1024
8,21.310091,632617,0.0,13,1024
9,23.896896,727861,0.0,13,1024
10,25.926722,798846,0.0,13,1024
11,28.043745,869322,0.0,13,1024
12,30.142893,942416,0.0,15,1024
13,32.311884,1017693,0.0,15,1024
