gen,time,evals,best_fit,best_size,pop_size
1,1.995683,51394,0.002166,9,1024
2,4.135172,118300,0.00214,17,1024
3,6.465668,190753,6e-06,22,1024
4,8.625436,260089,2e-06,20,1024
5,10.228913,289056,1e-06,20,1024
6,11.543839,319911,1e-06,20,1024
7,13.79553,386708,0.0,20,1024
8,16.494498,479296,0.0,22,1024
9,19.320852,570102,0.0,21,1024
10,22.188027,665000,0.0,19,1024
11,25.218714,759663,0.0,22,1024
12,28.318748,854588,0.0,22,1024
13,31.339623,941910,0.0,20,1024
14,34.106484,1023425,0.0,15,1024
