gen,time,evals,best_fit,best_size,pop_size
1,1.981529,51986,0.002201,21,1024
2,4.151592,121060,0.002085,20,1024
3,6.593755,194121,6.1e-05,16,1024
4,9.30229,282629,9e-06,16,1024
5,12.126823,366314,1e-06,21,1024
6,14.43509,437678,0.0,17,1024
7,17.32923,529076,0.0,19,1024
8,19.922969,624976,0.0,16,1024
9,22.072251,701094,0.0,11,1024
10,24.139969,780843,0.0,20,1024
11,26.124818,851662,0.0,20,1024
12,28.153651,923076,0.0,19,1024
13,30.341891,996576,0.0,17,1024
14,32.892785,1075212,0.0,16,1024
