gen,time,evals,best_fit,best_size,pop_size
1,1.92173,52690,0.000447,22,1024
2,4.078569,121574,0.000447,22,1024
3,6.658533,202725,7.7e-05,17,1024
4,9.65212,298318,2e-06,26,1024
5,13.277261,401925,0.0,19,1024
6,16.922888,504816,0.0,15,1024
7,20.436464,606751,0.0,17,1024
8,23.817202,705351,0.0,20,1024
9,27.324683,799145,0.0,23,1024
10,30.585276,891260,0.0,23,1024
11,33.882651,981492,0.0,16,1024
12,37.010022,1070240,0.0,18,1024
