gen,time,evals,best_fit,best_size,pop_size
1,1.911446,52092,0.002733,14,1024
2,4.234819,124922,0.000989,11,1024
3,6.881621,209271,0.000529,13,1024
4,9.702947,301793,0.000265,22,1024
5,12.50324,398422,6e-06,22,1024
6,15.086854,488312,0.0,16,1024
7,17.731861,575143,0.0,16,1024
8,20.305863,664848,0.0,16,1024
9,23.059679,759570,0.0,16,1024
10,25.572969,849458,0.0,16,1024
11,28.057604,937119,0.0,16,1024
12,30.469895,1021163,0.0,16,1024
