gen,time,evals,best_fit,best_size,pop_size
1,1.910667,52336,0.002539,12,1024
2,3.950097,120792,0.000867,15,1024
3,6.266221,192456,0.0,11,1024
4,8.682742,275765,0.0,11,1024
5,11.554795,373813,0.0,11,1024
6,13.598492,460576,0.0,11,1024
7,15.369959,536903,0.0,11,1024
8,17.01691,609498,0.0,11,1024
9,18.705383,682731,0.0,13,1024
10,20.421363,757429,0.0,13,1024
11,22.149783,831661,0.0,15,1024
12,23.825943,904739,0.0,15,1024
13,25.674737,979146,0.0,15,1024
14,27.413116,1053193,0.0,15,1024
