gen,time,evals,best_fit,best_size,pop_size
1,1.136885,41578,0.002158,19,1024
2,2.380726,96969,3.6e-05,19,1024
3,3.916927,162458,2e-06,19,1024
4,5.510621,232154,2e-06,19,1024
5,7.750507,311050,2e-06,26,1024
6,9.968698,405525,0.0,20,1024
7,12.190039,493912,0.0,20,1024
8,14.239387,577435,0.0,20,1024
9,16.443409,661633,0.0,20,1024
10,18.557413,745252,0.0,22,1024
11,20.414385,820673,0.0,20,1024
12,21.973189,885526,0.0,20,1024
13,23.691072,956370,0.0,22,1024
14,25.460591,1031530,0.0,22,1024
