gen,time,evals,best_fit,best_size,pop_size
1,1.971278,51386,0.002074,16,1024
2,4.233467,121140,0.001652,19,1024
3,6.6132,194010,0.0,13,1024
4,9.128093,280843,0.0,13,1024
5,12.751471,376627,0.0,18,1024
6,15.761553,473329,0.0,11,1024
7,18.733988,571098,0.0,13,1024
8,21.264857,666826,0.0,13,1024
9,23.563214,751754,0.0,13,1024
10,25.662635,832741,0.0,15,1024
11,27.90097,913309,0.0,15,1024
12,30.125544,993183,0.0,15,1024
13,32.40065,1067638,0.0,17,1024
