gen,time,evals,best_fit,best_size,pop_size
1,2.004169,53797,0.001144,13,1024
2,4.235623,127436,2e-06,24,1024
3,7.10455,210733,1e-06,24,1024
4,10.023194,305427,0.0,24,1024
5,13.086869,406385,0.0,17,1024
6,15.776843,500785,0.0,21,1024
7,19.533617,593425,0.0,13,1024
8,22.170152,679518,0.0,19,1024
9,24.793468,759407,0.0,15,1024
10,27.248072,837434,0.0,17,1024
11,29.850669,913665,0.0,19,1024
12,32.192185,987840,0.0,19,1024
13,34.655945,1060978,0.0,19,1024
