gen,time,evals,best_fit,best_size,pop_size
1,1.86208,50804,0.002262,8,1024
2,3.996986,118942,0.00207,10,1024
3,6.249607,189875,0.001209,15,1024
4,8.211096,257382,2e-06,11,1024
5,10.486376,349317,0.0,13,1024
6,12.979478,444806,0.0,13,1024
7,15.783816,543524,0.0,13,1024
8,18.462715,641197,0.0,13,1024
9,21.198353,735273,0.0,15,1024
10,23.96408,825330,0.0,15,1024
11,26.685155,907436,0.0,19,1024
12,29.286528,983281,0.0,17,1024
13,31.95103,1058550,0.0,17,1024
