gen,time,evals,best_fit,best_size,pop_size
1,1.843529,48918,0.002165,26,1024
2,3.817196,115275,0.002157,11,1024
3,5.953971,185622,0.000858,15,1024
4,8.240141,265880,1.8e-05,17,1024
5,10.795377,358666,1e-06,15,1024
6,13.48609,457161,0.0,16,1024
7,16.509658,554110,0.0,16,1024
8,19.206945,639103,0.0,16,1024
9,21.715189,714077,0.0,16,1024
10,24.137764,788283,0.0,16,1024
11,26.64332,862707,0.0,16,1024
12,29.044775,937452,0.0,16,1024
13,31.579472,1011827,0.0,16,1024
