gen,time,evals,best_fit,best_size,pop_size
1,2.017755,51878,0.001524,18,1024
2,4.287244,123966,0.000365,15,1024
3,6.727886,194895,1.6e-05,17,1024
4,9.277546,274303,3e-06,16,1024
5,12.291209,364773,2e-06,15,1024
6,15.408272,459419,0.0,22,1024
7,18.329206,550370,0.0,22,1024
8,20.88867,635752,0.0,18,1024
9,23.287073,715825,0.0,18,1024
10,25.478729,790160,0.0,18,1024
11,27.838866,866594,0.0,16,1024
12,30.219929,946413,0.0,20,1024
13,32.854864,1027255,0.0,13,1024
