gen,time,evals,best_fit,best_size,pop_size
1,1.912635,53100,0.002155,12,1024
2,4.020517,121378,0.0,16,1024
3,6.203609,187975,0.0,16,1024
4,8.748247,277240,0.0,16,1024
5,11.13002,373943,0.0,16,1024
6,12.967995,453746,0.0,16,1024
7,14.805286,533304,0.0,16,1024
8,16.583982,621007,0.0,16,1024
9,18.550765,706831,0.0,16,1024
10,20.073697,773085,0.0,16,1024
11,21.585434,837262,0.0,16,1024
12,22.995527,901383,0.0,18,1024
13,24.519831,967349,0.0,18,1024
14,25.951452,1033320,0.0,18,1024
