gen,time,evals,best_fit,best_size,pop_size
1,1.947202,53342,0.002795,12,1024
2,4.137554,123286,0.001193,25,1024
3,6.381809,195184,0.000216,25,1024
4,8.786829,280792,0.0,14,1024
5,11.541632,373285,0.0,14,1024
6,14.395804,470658,0.0,19,1024
7,17.025053,565701,0.0,17,1024
8,19.757074,660863,0.0,18,1024
9,22.932054,758827,0.0,22,1024
10,25.960489,852049,0.0,19,1024
11,28.947435,941172,0.0,16,1024
12,31.663816,1028323,0.0,19,1024
