gen,time,evals,best_fit,best_size,pop_size
1,2.049114,53575,0.001262,15,1024
2,4.276452,124718,0.001259,15,1024
3,6.806784,203737,3e-06,19,1024
4,9.027375,273941,1e-06,19,1024
5,11.576377,359397,1e-06,19,1024
6,14.036161,442956,1e-06,19,1024
7,16.483651,524805,1e-06,19,1024
8,18.929914,608509,1e-06,19,1024
9,21.385052,693306,0.0,19,1024
10,23.62487,780339,0.0,24,1024
11,25.830468,862815,0.0,24,1024
12,28.112228,944212,0.0,24,1024
13,30.420331,1019631,0.0,24,1024
