gen,time,evals,best_fit,best_size,pop_size
1,1.905091,51087,0.002166,17,1024
2,4.099723,121807,2e-06,18,1024
3,6.547223,196305,2e-06,18,1024
4,9.186251,283008,2e-06,16,1024
5,11.421785,350336,0.0,17,1024
6,13.665598,417740,0.0,16,1024
7,16.619182,514780,0.0,16,1024
8,19.284207,603468,0.0,16,1024
9,21.791929,686765,0.0,16,1024
10,24.039392,763173,0.0,16,1024
11,26.326696,838227,0.0,16,1024
12,28.664117,918172,0.0,16,1024
13,31.039794,998279,0.0,16,1024
14,33.296169,1078398,0.0,16,1024
