gen,time,evals,best_fit,best_size,pop_size
1,1.899564,54160,0.002166,10,1024
2,4.214601,124937,0.0,11,1024
3,6.907807,198731,0.0,11,1024
4,9.634743,286608,0.0,11,1024
5,12.387989,382349,0.0,11,1024
6,14.625978,472006,0.0,11,1024
7,16.3881,541380,0.0,11,1024
8,18.012146,606822,0.0,11,1024
9,19.689599,672012,0.0,11,1024
10,21.32471,737469,0.0,11,1024
11,23.083158,805714,0.0,13,1024
12,24.775105,873215,0.0,13,1024
13,26.436999,936598,0.0,18,1024
14,28.120196,1000590,0.0,18,1024
