gen,time,evals,best_fit,best_size,pop_size
1,1.852116,51332,0.003074,10,1024
2,3.989251,120484,0.001823,17,1024
3,6.056916,185688,0.0,11,1024
4,8.222385,263348,0.0,11,1024
5,10.558818,341640,0.0,11,1024
6,13.353624,434538,0.0,11,1024
7,16.060942,529280,0.0,11,1024
8,18.152041,616836,0.0,11,1024
9,19.996908,691451,0.0,17,1024
10,21.646515,760576,0.0,17,1024
11,23.352034,826356,0.0,17,1024
12,25.05384,893611,0.0,19,1024
13,27.346877,964511,0.0,19,1024
14,29.643244,1043467,0.0,19,1024
