gen,time,evals,best_fit,best_size,pop_size
1,1.392005,53624,0.00194,17,1024
2,2.887073,122638,0.000446,20,1024
3,4.828521,198538,0.000114,18,1024
4,6.438464,271267,0.0,13,1024
5,8.133033,349626,0.0,13,1024
6,9.916457,448008,0.0,13,1024
7,11.522251,540898,0.0,13,1024
8,12.934403,627764,0.0,17,1024
9,14.41549,713993,0.0,15,1024
10,15.666703,783226,0.0,15,1024
11,17.01733,853257,0.0,15,1024
12,18.374549,923850,0.0,15,1024
13,19.856373,994697,0.0,15,1024
14,21.304281,1063300,0.0,17,1024
