dataset,seed,train_rmse,test_rmse,train_r2,test_r2,model,simpl_model,size,simpl_size,runtime,coeff_mut,gom_coeff_mut_strat,ims,linear_scaling,data_standardization,quick_test
keijzer-5,1,2.026863885691036e-08,1.833483475053306e-08,0.9999999999999988,0.999999999999999,-66467.544886+-7895.744809*(((((-0.052098/-13.711681)*(x0*x2))/((x1*x1)*(10.000003-x0)))-8.418148)),(30.0001519185928*x0*x2 + x1**2*(0.00348639373260085*x0 - 0.0348639477851896))/(x1**2*(x0 - 10.000003)),17,23,28.83479928970337,0.5_0.1_0.9_5,afterfossize,False,True,False,False
