gen,time,evals,best_fit,best_size,pop_size
1,2.112067,57002,0.473823,21,1024
2,4.771212,133011,0.325346,21,1024
3,7.996142,219455,0.325346,21,1024
4,11.282819,308182,0.153014,21,1024
5,15.116742,401365,0.15295,21,1024
6,19.001711,495753,0.15295,21,1024
7,22.894551,588213,0.098307,17,1024
8,26.597177,678405,0.098254,17,1024
9,30.433106,765219,0.098254,17,1024
10,34.607933,854707,0.098251,17,1024
11,38.597255,941602,0.051654,23,1024
12,42.256118,1019555,0.048729,23,1024
