gen,time,evals,best_fit,best_size,pop_size
1,2.316546,59360,0.585439,17,1024
2,5.169542,142713,0.539686,21,1024
3,8.566374,237348,0.501198,21,1024
4,12.059591,330838,0.357949,23,1024
5,17.005437,428357,0.219712,20,1024
6,21.303936,525724,0.218278,20,1024
7,25.426025,616637,0.142051,22,1024
8,29.488148,704251,0.088266,21,1024
9,34.241704,796953,0.086779,25,1024
10,39.075904,888639,0.076094,21,1024
11,43.515603,968883,0.04434,26,1024
12,47.919077,1050218,0.042396,26,1024
