gen,time,evals,best_fit,best_size,pop_size
1,2.181242,56374,0.573961,10,1024
2,4.770762,130537,0.535063,21,1024
3,7.961397,219954,0.384946,19,1024
4,11.354996,312731,0.239769,18,1024
5,15.026626,402311,0.235194,17,1024
6,18.694849,484951,0.202149,18,1024
7,22.908152,576069,0.143694,20,1024
8,27.313903,671192,0.14074,18,1024
9,31.891006,763572,0.109587,23,1024
10,36.329561,850418,0.109587,23,1024
11,40.744748,935800,0.090766,19,1024
12,45.187404,1023280,0.089806,19,1024
