gen,time,evals,best_fit,best_size,pop_size
1,2.397185,59243,0.561471,12,1024
2,4.951034,128387,0.463125,17,1024
3,8.196508,211938,0.433241,14,1024
4,11.913864,304905,0.304762,17,1024
5,16.714954,401775,0.148995,19,1024
6,21.173604,498530,0.080205,19,1024
7,25.910828,595782,0.080205,19,1024
8,30.472853,688873,0.080205,19,1024
9,35.112364,780256,0.072966,19,1024
10,39.539311,868530,0.072411,19,1024
11,43.64894,942655,0.07052,17,1024
12,47.467862,1014194,0.07052,17,1024
