gen,time,evals,best_fit,best_size,pop_size
1,2.307028,61100,0.471995,21,1024
2,5.205838,143614,0.439418,20,1024
3,8.6412,237669,0.289791,22,1024
4,12.302135,333554,0.226963,15,1024
5,15.967167,427455,0.22188,15,1024
6,19.54097,515633,0.162474,21,1024
7,23.192792,598417,0.091466,19,1024
8,27.099355,686904,0.053341,21,1024
9,31.356873,783077,0.04795,21,1024
10,35.665664,880532,0.035834,22,1024
11,39.842662,976032,0.033775,23,1024
12,43.855978,1070099,0.0305,20,1024
