gen,time,evals,best_fit,best_size,pop_size
1,2.345906,61133,0.650095,13,1024
2,5.26368,143610,0.41995,22,1024
3,8.739839,237599,0.370287,21,1024
4,12.393251,331933,0.25131,21,1024
5,16.25083,422612,0.217729,19,1024
6,20.67923,517306,0.145068,20,1024
7,25.24166,610075,0.133783,20,1024
8,29.616024,698314,0.133764,20,1024
9,33.879589,784650,0.133764,20,1024
10,37.981135,868961,0.133763,20,1024
11,41.92242,951213,0.133759,20,1024
12,45.685616,1034570,0.133759,20,1024
