gen,time,evals,best_fit,best_size,pop_size
1,2.393641,60198,0.62304,17,1024
2,5.100475,134210,0.499204,19,1024
3,8.42867,223613,0.366401,20,1024
4,11.667271,312870,0.089338,20,1024
5,15.666652,404562,0.068348,23,1024
6,19.695467,503412,0.068343,23,1024
7,23.627301,599064,0.043089,18,1024
8,27.041132,683589,0.042677,20,1024
9,30.795949,763429,0.042648,20,1024
10,34.472919,840798,0.042643,20,1024
11,38.190134,915805,0.042603,20,1024
12,42.163063,1002881,0.041335,20,1024
