gen,time,evals,best_fit,best_size,pop_size
1,2.17148,58142,0.635474,14,1024
2,4.920255,138392,0.568899,17,1024
3,8.052624,227167,0.458733,12,1024
4,11.190108,318178,0.414242,17,1024
5,14.594635,410028,0.391602,16,1024
6,18.293651,505010,0.228219,21,1024
7,23.193894,600375,0.127335,18,1024
8,27.054287,692532,0.1201,21,1024
9,30.802176,776931,0.106365,21,1024
10,34.396973,859537,0.098258,17,1024
11,38.0998,942739,0.08845,19,1024
12,41.39068,1018961,0.088237,19,1024
