gen,time,evals,best_fit,best_size,pop_size
1,2.20811,57558,0.509068,15,1024
2,5.126496,135183,0.504181,13,1024
3,8.383417,225799,0.323878,17,1024
4,11.737188,317326,0.294259,16,1024
5,15.323923,409084,0.216907,18,1024
6,18.92109,496039,0.165328,19,1024
7,22.556288,577263,0.156654,20,1024
8,26.390444,660170,0.052663,18,1024
9,30.328484,745363,0.050499,19,1024
10,34.395598,832674,0.046187,19,1024
11,38.45954,917574,0.046187,19,1024
12,42.501927,1002393,0.046187,19,1024
