gen,time,evals,best_fit,best_size,pop_size
1,2.202585,59368,0.469079,16,1024
2,5.189537,143614,0.468449,16,1024
3,8.621596,238751,0.298032,21,1024
4,12.208595,332883,0.166898,20,1024
5,16.173302,429577,0.164831,21,1024
6,20.327941,524256,0.153484,20,1024
7,24.454089,614593,0.094974,19,1024
8,28.607872,709363,0.082774,19,1024
9,32.981561,806128,0.069826,20,1024
10,37.21053,901767,0.038783,21,1024
11,41.16104,990623,0.034997,21,1024
12,44.436203,1064829,0.034971,21,1024
