gen,time,evals,best_fit,best_size,pop_size
1,2.313046,61205,0.612885,13,1024
2,5.047985,136600,0.276292,17,1024
3,8.159261,224282,0.276292,17,1024
4,11.610056,320711,0.264695,18,1024
5,15.421803,418358,0.255407,23,1024
6,19.340165,512028,0.157075,23,1024
7,23.426519,601157,0.082379,20,1024
8,27.700712,692751,0.078461,23,1024
9,32.195285,783902,0.068291,21,1024
10,37.105665,879835,0.056191,22,1024
11,42.223977,973082,0.056168,22,1024
12,46.785683,1054633,0.056168,22,1024
