gen,time,evals,best_fit,best_size,pop_size
1,2.222109,57693,0.49698,13,1024
2,4.863741,137812,0.441348,23,1024
3,8.243781,228523,0.331875,23,1024
4,11.592497,322852,0.247172,23,1024
5,15.368961,419781,0.232837,17,1024
6,18.985283,513822,0.205611,18,1024
7,22.820161,607567,0.108031,18,1024
8,26.612459,695613,0.065304,20,1024
9,30.510209,783693,0.065301,20,1024
10,34.3001,871922,0.051072,18,1024
11,37.860697,949757,0.051072,18,1024
12,41.257606,1024623,0.051072,18,1024
