gen,time,evals,best_fit,best_size,pop_size
1,2.29982,59378,0.543729,14,1024
2,4.872445,131128,0.543729,14,1024
3,8.050098,218562,0.46748,15,1024
4,11.46111,312529,0.348614,16,1024
5,15.619944,404861,0.238094,19,1024
6,19.166714,491606,0.232441,19,1024
7,23.083161,577980,0.19879,14,1024
8,27.056454,666850,0.080229,19,1024
9,31.196304,759172,0.078347,19,1024
10,35.312492,853254,0.070183,18,1024
11,39.308006,944303,0.052042,19,1024
12,43.027152,1031357,0.052042,19,1024
