gen,time,evals,best_fit,best_size,pop_size
1,2.197687,58068,0.636806,11,1024
2,4.819139,132850,0.381361,19,1024
3,7.965455,219781,0.362945,17,1024
4,11.332438,313857,0.230234,17,1024
5,15.112255,412005,0.226842,19,1024
6,19.119345,510784,0.158944,20,1024
7,23.672902,607290,0.154348,20,1024
8,27.463846,684977,0.149696,18,1024
9,31.300578,760630,0.147948,20,1024
10,35.202385,839109,0.146706,20,1024
11,39.973117,921797,0.146487,20,1024
12,44.254436,1011341,0.146458,20,1024
