dataset,seed,train_rmse,test_rmse,train_r2,test_r2,model,simpl_model,size,simpl_size,runtime,coeff_mut,gom_coeff_mut_strat,ims,linear_scaling,data_standardization,quick_test
vladislavleva-3,7,0.22261754412517223,0.2124890349718172,0.9577081502279261,0.9614689402085644,0.000473+-71430684836344550783248269534054351134160259057925182345873281072732745190726398744053211225490693224537260032.000000*((exp((log(x0)-(x0+253.479061)))*(sin((x0+x0))*((-5.040652+x1)*(x0*x0))))),(-0.58793233160813672299049888562931192520195804931072099377346688864331980539645883254706859588623046875*x0**3*(x1 - 5.040652)*sin(2*x0) + 0.000473*exp(x0))*exp(-x0),20,22,79.70778203010559,0.5_0.9_0.1_-1,within,False,True,False,False
