dataset,seed,train_rmse,test_rmse,train_r2,test_r2,model,simpl_model,size,simpl_size,runtime,coeff_mut,gom_coeff_mut_strat,ims,linear_scaling,data_standardization,quick_test
vladislavleva-3,5,0.8440079259133086,0.8570290749834668,0.39210166186852813,0.37319995701673836,0.003765+-0.194660*(((sin((x0+x0))*((-10.339753+x0)+x1))*(sin((48.359502+x0))+exp((x1/-28.845948))))),((exp(0.0346669140497653*x1)*sin(x0 + 48.359502) + 1)*(-0.19466*x0 - 0.19466*x1 + 2.01273631898)*sin(2*x0) + 0.003765*exp(0.0346669140497653*x1))*exp(-0.0346669140497653*x1),20,36,44.070204734802246,1.0_0.1_0.1_5,interleaved,False,True,False,False
