gen,time,evals,best_fit,best_size,pop_size
1,1.622336,44412,0.0,3,1024
2,2.437193,77656,0.0,3,1024
3,3.509288,146827,0.0,3,1024
4,4.555101,239638,0.0,3,1024
5,5.529086,332647,0.0,3,1024
6,6.412288,425705,0.0,3,1024
7,7.350772,517394,0.0,3,1024
8,8.279103,602269,0.0,3,1024
9,9.154116,666916,0.0,3,1024
10,10.059255,751869,0.0,3,1024
11,11.020137,840723,0.0,3,1024
12,11.945547,928364,0.0,3,1024
13,12.882049,1013976,0.0,3,1024
