gen,time,evals,best_fit,best_size,pop_size
1,2.383197,43773,0.0,3,1024
2,3.68936,77091,0.0,3,1024
3,4.494038,91047,0.0,3,1024
4,5.67698,140431,0.0,3,1024
5,7.189576,229106,0.0,3,1024
6,8.527123,318715,0.0,3,1024
7,9.891741,409206,0.0,3,1024
8,11.095717,487827,0.0,3,1024
9,12.205563,550454,0.0,3,1024
10,13.421086,634964,0.0,3,1024
11,14.6957,724033,0.0,3,1024
12,15.932215,811838,0.0,3,1024
13,17.174929,896107,0.0,3,1024
14,18.420683,977191,0.0,3,1024
15,19.587573,1049536,0.0,3,1024
