gen,time,evals,best_fit,best_size,pop_size
1,2.388994,47115,0.0,6,1024
2,3.639937,81451,0.0,6,1024
3,5.232753,149891,0.0,6,1024
4,6.919487,240468,0.0,6,1024
5,8.544883,330640,0.0,6,1024
6,10.276988,421875,0.0,6,1024
7,12.198826,506187,0.0,6,1024
8,13.708928,591187,0.0,6,1024
9,15.261695,677091,0.0,6,1024
10,17.073084,761188,0.0,6,1024
11,18.857265,837948,0.0,6,1024
12,20.440398,921738,0.0,6,1024
13,22.101891,1007779,0.0,6,1024
