gen,time,evals,best_fit,best_size,pop_size
1,2.411185,49607,0.0,3,1024
2,3.795979,94409,0.0,4,1024
3,5.543629,178070,0.0,4,1024
4,7.336789,271837,0.0,4,1024
5,9.089725,363706,0.0,4,1024
6,10.971,456447,0.0,4,1024
7,12.694591,546713,0.0,4,1024
8,14.24346,635821,0.0,4,1024
9,15.769436,724901,0.0,4,1024
10,17.276165,812532,0.0,4,1024
11,18.846013,896924,0.0,4,1024
12,20.403079,980385,0.0,4,1024
13,21.972254,1064206,0.0,4,1024
