gen,time,evals,best_fit,best_size,pop_size
1,2.352445,45307,0.0,6,1024
2,3.49294,75116,0.0,4,1024
3,4.925081,126290,0.0,4,1024
4,6.473492,216154,0.0,4,1024
5,7.909569,308726,0.0,4,1024
6,8.966575,384074,0.0,4,1024
7,9.963646,446560,0.0,4,1024
8,10.919911,509452,0.0,4,1024
9,12.001818,592351,0.0,4,1024
10,13.049872,675974,0.0,4,1024
11,14.115586,754762,0.0,4,1024
12,15.156155,838577,0.0,4,1024
13,16.20156,917632,0.0,4,1024
14,17.223108,998679,0.0,4,1024
15,18.378129,1069547,0.0,4,1024
