gen,time,evals,best_fit,best_size,pop_size
1,2.373585,45319,0.0,3,1024
2,3.495666,73858,0.0,6,1024
3,4.704615,122527,0.0,4,1024
4,6.203557,213382,0.0,3,1024
5,7.627099,306483,0.0,3,1024
6,9.003084,398550,0.0,3,1024
7,10.244549,476193,0.0,3,1024
8,11.352961,542544,0.0,3,1024
9,12.521389,625939,0.0,3,1024
10,13.726209,712662,0.0,3,1024
11,14.914856,798298,0.0,3,1024
12,16.130676,885227,0.0,3,1024
13,17.367288,972323,0.0,3,1024
14,18.568508,1059962,0.0,3,1024
