gen,time,evals,best_fit,best_size,pop_size
1,2.416136,47584,0.0,3,1024
2,3.49694,73054,0.0,6,1024
3,4.410244,95976,0.0,6,1024
4,6.158569,176406,0.0,6,1024
5,8.360707,269186,0.0,6,1024
6,10.225569,360172,0.0,6,1024
7,11.833464,448901,0.0,6,1024
8,13.101275,517031,0.0,6,1024
9,14.531254,596428,0.0,6,1024
10,16.270198,679906,0.0,6,1024
11,17.947821,761089,0.0,6,1024
12,19.861975,841905,0.0,6,1024
13,21.404559,919689,0.0,6,1024
14,22.713317,984758,0.0,6,1024
15,24.654283,1068862,0.0,6,1024
