gen,time,evals,best_fit,best_size,pop_size
1,2.347628,48280,0.0,10,1024
2,3.471316,74895,0.0,10,1024
3,4.565596,111468,0.0,10,1024
4,6.407619,198376,0.0,10,1024
5,8.349767,285755,0.0,10,1024
6,10.180893,372917,0.0,10,1024
7,11.906382,458230,0.0,10,1024
8,14.120634,538031,0.0,10,1024
9,15.962121,622097,0.0,10,1024
10,17.454827,706542,0.0,10,1024
11,18.812925,779765,0.0,10,1024
12,20.121196,849080,0.0,10,1024
13,21.540358,934022,0.0,10,1024
14,22.972774,1018656,0.0,10,1024
