gen,time,evals,best_fit,best_size,pop_size
1,2.399432,46485,0.0,3,1024
2,3.680035,82514,0.0,3,1024
3,5.191214,156179,0.0,3,1024
4,6.870391,246655,0.0,3,1024
5,8.490523,337772,0.0,3,1024
6,9.951601,428935,0.0,3,1024
7,11.234232,505911,0.0,3,1024
8,12.485081,592774,0.0,3,1024
9,13.776782,681839,0.0,3,1024
10,15.037938,769496,0.0,3,1024
11,16.314094,854529,0.0,3,1024
12,17.484589,928129,0.0,3,1024
13,18.722556,1009912,0.0,3,1024
