gen,time,evals,best_fit,best_size,pop_size
1,2.275332,43492,0.0,4,1024
2,3.476509,73842,0.0,3,1024
3,4.556487,128337,0.0,3,1024
4,5.863276,218054,0.0,3,1024
5,7.099578,307785,0.0,3,1024
6,8.285475,397302,0.0,3,1024
7,9.429313,477152,0.0,3,1024
8,10.555209,562224,0.0,3,1024
9,11.702241,649469,0.0,3,1024
10,12.85637,737653,0.0,3,1024
11,14.022353,825590,0.0,3,1024
12,15.158332,912761,0.0,3,1024
13,16.31198,1000478,0.0,3,1024
