gen,time,evals,best_fit,best_size,pop_size
1,2.32746,44767,0.0,5,1024
2,3.610214,78834,0.0,3,1024
3,4.926351,139970,0.0,4,1024
4,6.518599,232260,0.0,3,1024
5,7.944124,323464,0.0,7,1024
6,9.308262,413690,0.0,7,1024
7,10.613992,504417,0.0,7,1024
8,11.824978,585271,0.0,7,1024
9,12.999332,668344,0.0,7,1024
10,14.209188,756395,0.0,7,1024
11,15.434865,844273,0.0,7,1024
12,16.643448,931279,0.0,7,1024
13,17.865414,1017032,0.0,7,1024
