gen,time,evals,best_fit,best_size,pop_size
1,2.406529,45726,0.0,7,1024
2,3.582602,75391,0.0,5,1024
3,4.787903,124476,0.0,3,1024
4,6.362342,216277,0.0,3,1024
5,7.744034,304327,0.0,3,1024
6,9.051211,394991,0.0,3,1024
7,10.39524,484487,0.0,3,1024
8,11.715651,575297,0.0,3,1024
9,13.088587,660150,0.0,3,1024
10,14.404735,740542,0.0,3,1024
11,15.624596,803347,0.0,3,1024
12,16.901994,884430,0.0,3,1024
13,18.269168,969354,0.0,3,1024
14,19.603223,1055181,0.0,3,1024
