gen,time,evals,best_fit,best_size,pop_size
1,2.306072,45507,0.0,3,1024
2,3.368625,76270,0.0,3,1024
3,4.640983,121006,0.0,3,1024
4,5.954639,206944,0.0,3,1024
5,7.139258,273029,0.0,5,1024
6,8.408694,362087,0.0,5,1024
7,9.669662,451517,0.0,4,1024
8,10.860527,543173,0.0,4,1024
9,12.068995,633722,0.0,4,1024
10,13.287773,724755,0.0,4,1024
11,14.528661,809338,0.0,4,1024
12,15.731166,896286,0.0,4,1024
13,17.064274,977757,0.0,4,1024
14,18.271611,1064452,0.0,4,1024
