gen,time,evals,best_fit,best_size,pop_size
1,2.219793,43492,0.0,3,1024
2,3.376979,81930,0.0,3,1024
3,4.577893,143338,0.0,3,1024
4,5.899993,234622,0.0,3,1024
5,7.293676,321405,0.0,3,1024
6,8.41465,388464,0.0,3,1024
7,9.665125,472411,0.0,3,1024
8,10.891313,554641,0.0,3,1024
9,12.070914,629530,0.0,3,1024
10,13.289568,713321,0.0,3,1024
11,14.555561,797066,0.0,3,1024
12,15.745624,876081,0.0,3,1024
13,16.943853,948815,0.0,3,1024
14,18.181,1029763,0.0,3,1024
