gen,time,evals,best_fit,best_size,pop_size
1,2.358929,45007,0.0,3,1024
2,3.442413,81312,0.0,3,1024
3,4.695357,164525,0.0,3,1024
4,5.932643,253626,0.0,3,1024
5,7.243027,341905,0.0,3,1024
6,8.354748,427752,0.0,3,1024
7,9.523298,513309,0.0,3,1024
8,10.564967,588025,0.0,3,1024
9,11.671901,667377,0.0,3,1024
10,12.719734,748775,0.0,3,1024
11,13.856228,837412,0.0,3,1024
12,14.95037,923490,0.0,3,1024
13,16.101051,1011069,0.0,3,1024
