gen,time,evals,best_fit,best_size,pop_size
1,2.269969,45411,0.0,5,1024
2,3.296684,72281,0.0,4,1024
3,4.587259,120214,0.0,4,1024
4,6.073487,202191,0.0,4,1024
5,7.672462,292485,0.0,4,1024
6,8.987149,379792,0.0,4,1024
7,10.232292,461650,0.0,4,1024
8,11.313109,530505,0.0,4,1024
9,12.459883,610085,0.0,4,1024
10,13.628429,695143,0.0,4,1024
11,14.799291,779202,0.0,4,1024
12,15.956225,862120,0.0,4,1024
13,17.15573,946063,0.0,4,1024
14,18.286699,1030288,0.0,4,1024
