gen,time,evals,best_fit,best_size,pop_size
1,2.307343,41904,0.0,3,1024
2,3.399368,66835,0.0,3,1024
3,4.39088,102993,0.0,3,1024
4,5.758157,190239,0.0,3,1024
5,7.13842,280260,0.0,3,1024
6,8.360316,368468,0.0,3,1024
7,9.62275,456508,0.0,3,1024
8,10.858199,545691,0.0,3,1024
9,12.093162,634045,0.0,3,1024
10,13.284225,719788,0.0,3,1024
11,14.518439,804856,0.0,3,1024
12,15.672776,890745,0.0,3,1024
13,16.921186,978273,0.0,3,1024
14,18.08823,1065519,0.0,3,1024
