gen,time,evals,best_fit,best_size,pop_size
1,2.382173,45716,0.0,11,1024
2,3.494936,69676,0.0,11,1024
3,4.592583,108209,0.0,6,1024
4,6.359204,197378,0.0,6,1024
5,8.049251,289190,0.0,3,1024
6,9.545132,379363,0.0,3,1024
7,10.991335,467135,0.0,3,1024
8,12.391377,556512,0.0,5,1024
9,13.84441,646271,0.0,5,1024
10,15.376381,736217,0.0,5,1024
11,17.017174,823271,0.0,5,1024
12,18.594603,907312,0.0,5,1024
13,20.097363,989843,0.0,5,1024
14,21.49704,1066141,0.0,5,1024
