gen,time,evals,best_fit,best_size,pop_size
1,2.41712,44657,0.0,3,1024
2,3.782777,80968,0.0,4,1024
3,5.113083,154841,0.0,3,1024
4,6.535046,247024,0.0,3,1024
5,7.88866,338229,0.0,3,1024
6,9.259631,430217,0.0,3,1024
7,10.617405,519080,0.0,3,1024
8,11.949274,604394,0.0,3,1024
9,13.246711,682833,0.0,3,1024
10,14.400806,765167,0.0,3,1024
11,15.630089,851022,0.0,3,1024
12,16.878373,935937,0.0,3,1024
13,18.105166,1022426,0.0,3,1024
