gen,time,evals,best_fit,best_size,pop_size
1,2.340661,44343,0.0,3,1024
2,3.579604,79980,0.0,4,1024
3,5.055258,154839,0.0,4,1024
4,6.572231,246905,0.0,4,1024
5,7.942381,335880,0.0,4,1024
6,9.096188,412775,0.0,4,1024
7,10.188865,476822,0.0,4,1024
8,11.339294,559914,0.0,4,1024
9,12.551329,647962,0.0,4,1024
10,13.723389,735715,0.0,4,1024
11,15.041621,822168,0.0,4,1024
12,16.218148,908815,0.0,4,1024
13,17.368504,984296,0.0,4,1024
14,18.534012,1063981,0.0,4,1024
