gen,time,evals,best_fit,best_size,pop_size
1,2.256923,42030,0.0,3,1024
2,3.241487,67223,0.0,3,1024
3,4.289264,105062,0.0,3,1024
4,5.620814,190733,0.0,3,1024
5,7.000883,281623,0.0,3,1024
6,8.166107,368028,0.0,3,1024
7,9.385346,453090,0.0,3,1024
8,10.52368,538494,0.0,3,1024
9,11.847086,621539,0.0,3,1024
10,12.95969,698397,0.0,3,1024
11,13.997459,761941,0.0,3,1024
12,14.967059,824405,0.0,3,1024
13,15.993728,887049,0.0,3,1024
14,17.061114,969971,0.0,3,1024
15,18.19053,1053755,0.0,3,1024
