gen,time,evals,best_fit,best_size,pop_size
1,2.363788,47917,0.0,8,1024
2,3.438021,75468,0.0,8,1024
3,4.65907,118170,0.0,8,1024
4,6.646126,208150,0.0,8,1024
5,8.964471,299816,0.0,8,1024
6,11.018638,389152,0.0,8,1024
7,12.993953,477252,0.0,3,1024
8,14.759765,562841,0.0,3,1024
9,16.580221,647492,0.0,3,1024
10,18.330744,734434,0.0,8,1024
11,19.69704,813323,0.0,8,1024
12,20.7817,876669,0.0,8,1024
13,21.853028,939133,0.0,8,1024
14,22.960359,1010134,0.0,8,1024
