gen,time,evals,best_fit,best_size,pop_size
1,2.355118,46666,0.0,6,1024
2,3.79106,85297,0.0,5,1024
3,5.320958,151628,0.0,6,1024
4,7.174699,244847,0.0,3,1024
5,8.830277,335937,0.0,3,1024
6,10.370165,424590,0.0,3,1024
7,11.67331,499447,0.0,3,1024
8,12.850418,561911,0.0,3,1024
9,14.114209,643006,0.0,3,1024
10,15.417082,730036,0.0,3,1024
11,16.752025,817791,0.0,3,1024
12,18.034208,896423,0.0,3,1024
13,19.329297,980097,0.0,3,1024
14,20.65749,1066097,0.0,3,1024
