gen,time,evals,best_fit,best_size,pop_size
1,2.44182,46596,0.0,9,1024
2,3.455112,72782,0.0,3,1024
3,4.606139,116859,0.0,3,1024
4,6.158402,203079,0.0,5,1024
5,7.813609,289926,0.0,7,1024
6,9.301421,380495,0.0,7,1024
7,10.763212,466772,0.0,5,1024
8,12.106105,553479,0.0,5,1024
9,13.526462,640335,0.0,5,1024
10,15.071393,726389,0.0,5,1024
11,16.559207,808159,0.0,5,1024
12,17.911716,894114,0.0,5,1024
13,19.318132,980663,0.0,5,1024
14,20.696314,1066334,0.0,5,1024
