gen,time,evals,best_fit,best_size,pop_size
1,2.298742,46347,0.0,8,1024
2,3.446229,75781,0.0,3,1024
3,4.202939,93219,0.0,6,1024
4,5.336182,152724,0.0,6,1024
5,6.650567,233523,0.0,4,1024
6,8.023686,327364,0.0,4,1024
7,9.252625,418340,0.0,4,1024
8,10.46288,507140,0.0,4,1024
9,11.729065,597643,0.0,4,1024
10,12.959285,687875,0.0,4,1024
11,14.178467,774608,0.0,4,1024
12,15.304704,852497,0.0,4,1024
13,16.494774,941235,0.0,4,1024
14,17.688816,1030075,0.0,4,1024
