gen,time,evals,best_fit,best_size,pop_size
1,2.301525,45738,0.0,6,1024
2,3.44616,77314,0.0,6,1024
3,4.835868,145442,0.0,5,1024
4,6.419048,238473,0.0,5,1024
5,7.804897,329615,0.0,3,1024
6,9.138104,416620,0.0,3,1024
7,10.447063,505172,0.0,3,1024
8,11.733605,594198,0.0,3,1024
9,13.021628,681123,0.0,3,1024
10,14.215444,766914,0.0,3,1024
11,15.39498,846741,0.0,3,1024
12,16.554137,927722,0.0,3,1024
13,17.711476,1012696,0.0,3,1024
