gen,time,evals,best_fit,best_size,pop_size
1,2.358573,43603,0.0,3,1024
2,3.655539,77507,0.0,8,1024
3,4.693052,117406,0.0,8,1024
4,6.021489,199961,0.0,8,1024
5,7.38349,288663,0.0,8,1024
6,8.615272,375347,0.0,8,1024
7,9.865454,461456,0.0,8,1024
8,11.042635,548817,0.0,8,1024
9,12.24673,636246,0.0,8,1024
10,13.490549,724487,0.0,8,1024
11,14.659831,802821,0.0,8,1024
12,15.814409,885297,0.0,8,1024
13,16.96514,955115,0.0,8,1024
14,18.062088,1024835,0.0,8,1024
