gen,time,evals,best_fit,best_size,pop_size
1,2.361757,44378,0.0,6,1024
2,3.406688,74613,0.0,6,1024
3,4.804573,151714,0.0,3,1024
4,5.967643,226794,0.0,3,1024
5,7.290557,316159,0.0,3,1024
6,8.464408,404097,0.0,3,1024
7,9.483505,471205,0.0,3,1024
8,10.434508,533784,0.0,3,1024
9,11.42065,596267,0.0,3,1024
10,12.373413,659246,0.0,3,1024
11,13.398198,724977,0.0,3,1024
12,14.373459,800507,0.0,3,1024
13,15.463454,884453,0.0,3,1024
14,16.512801,970217,0.0,3,1024
15,17.77538,1053568,0.0,3,1024
