gen,time,evals,best_fit,best_size,pop_size
1,2.397508,45538,0.0,11,1024
2,3.751122,78877,0.0,15,1024
3,4.939572,119297,0.0,4,1024
4,6.56691,208054,0.0,4,1024
5,8.104551,300586,0.0,4,1024
6,9.485567,392465,0.0,4,1024
7,10.787555,479968,0.0,4,1024
8,11.914319,548077,0.0,4,1024
9,13.108451,629678,0.0,4,1024
10,14.309657,716298,0.0,3,1024
11,15.528864,802959,0.0,3,1024
12,16.750532,888879,0.0,3,1024
13,17.981926,976594,0.0,3,1024
14,19.155848,1061298,0.0,3,1024
