gen,time,evals,best_fit,best_size,pop_size
1,0.843805,52051,0.007651,16,1024
2,1.821865,131187,0.007402,15,1024
3,2.911345,213739,0.006136,16,1024
4,4.095551,305159,0.004249,16,1024
5,5.445862,402398,0.004216,16,1024
6,6.789941,498954,0.00236,13,1024
7,8.184547,591494,0.00236,13,1024
8,9.503892,683904,0.002357,14,1024
9,10.987224,777648,0.001881,14,1024
10,12.353306,862233,0.001881,14,1024
11,13.627498,934468,0.001866,14,1024
12,14.908329,1009545,0.001866,14,1024
