gen,time,evals,best_fit,best_size,pop_size
1,1.183461,51021,0.007394,15,1024
2,2.521577,128707,0.002705,13,1024
3,4.089745,210653,0.002705,13,1024
4,5.790071,300856,0.002705,13,1024
5,7.627384,391205,0.002705,13,1024
6,9.656769,492161,0.002064,18,1024
7,11.697597,590310,0.002038,18,1024
8,13.620836,683771,0.001135,19,1024
9,15.5128,774591,0.000757,18,1024
10,17.396662,862086,0.000734,18,1024
11,19.358569,947677,0.000734,18,1024
12,21.196912,1025063,0.000734,18,1024
