gen,time,evals,best_fit,best_size,pop_size
1,0.868353,56134,0.007127,23,1024
2,1.868878,133045,0.007107,20,1024
3,3.042102,218169,0.005284,11,1024
4,4.321201,309033,0.003136,18,1024
5,5.739647,406124,0.001489,15,1024
6,7.209722,503253,0.001398,15,1024
7,8.733727,598793,0.001385,15,1024
8,10.215685,691819,0.001385,15,1024
9,11.636983,777520,0.001385,15,1024
10,12.929904,855369,0.000571,13,1024
11,14.191888,927765,0.000441,13,1024
12,15.436133,1000038,0.000434,13,1024
