gen,time,evals,best_fit,best_size,pop_size
1,1.315962,56005,0.006191,21,1024
2,2.777052,137021,0.004739,18,1024
3,4.516383,223630,0.003555,17,1024
4,6.103497,299953,0.003274,16,1024
5,7.997937,390332,0.003264,16,1024
6,10.007488,487063,0.002515,16,1024
7,12.221881,586553,0.002125,25,1024
8,14.372886,685261,0.001651,18,1024
9,16.590859,781808,0.001491,24,1024
10,18.411621,860510,0.001491,24,1024
11,20.219591,933260,0.001474,24,1024
12,22.048568,1010536,0.001474,24,1024
