gen,time,evals,best_fit,best_size,pop_size
1,1.153392,49159,0.007733,18,1024
2,2.498802,123125,0.001583,18,1024
3,4.05782,201819,0.001561,18,1024
4,5.805407,292693,0.001561,18,1024
5,7.910158,394377,0.001512,18,1024
6,9.876902,495835,0.001512,18,1024
7,11.949018,596166,0.001481,21,1024
8,13.981522,688902,0.001426,18,1024
9,15.877408,768124,0.001422,18,1024
10,17.744925,849065,0.001413,18,1024
11,19.784734,930099,0.001154,18,1024
12,21.749925,1012063,0.001102,18,1024
