dataset,seed,train_rmse,test_rmse,train_r2,test_r2,model,simpl_model,size,simpl_size,runtime,coeff_mut,gom_coeff_mut_strat,ims,linear_scaling,data_standardization,quick_test
vladislavleva-1,0,0.03849149679669417,0.09696175181548586,0.9707783296120943,0.8145715597508066,0.015021+-361006241365912245443888011605751849303336865928849086925936015522669438682904641938470524807320666784112050176.000000*(((exp((-255.259277-x0))*((x1+x1)*sin(x0)))*sin(((x1/-4.484756)-sin(x1))))),1.00195738438322335228208631950206546853864989328387902078960534045515284873317796154879033565521240234375*x1*exp(-x0)*sin(x0)*sin(0.222977571132075*x1 + sin(x1)) + 0.015021,19,18,23.539299964904785,0.5_es,interleaved,False,True,False,False
