dataset,seed,train_rmse,test_rmse,train_r2,test_r2,model,simpl_model,size,simpl_size,runtime,coeff_mut,gom_coeff_mut_strat,ims,linear_scaling,data_standardization,quick_test
korns-12,7,1.055569470966501,1.0546766076816998,6.207225887600032e-05,0.0017529704751970687,1.981183+0.000233*((sin(((x0+121.309387)-x3))+(((x1-x3)/(x3-x4))/(sqrt(171.838654)+(-5.926270/x3))))),(0.000233*x3*(x1 - x3) + (x3 - x4)*(13.1087243467852*x3 - 5.92627)*(0.000233*sin(x0 - x3 + 121.309387) + 1.981183))/((x3 - x4)*(13.1087243467852*x3 - 5.92627)),21,46,143.92179536819458,0.5_0.9_0.1_5,afteronce,False,True,False,False
