dataset,seed,train_rmse,test_rmse,train_r2,test_r2,model,simpl_model,size,simpl_size,runtime,coeff_mut,gom_coeff_mut_strat,ims,linear_scaling,data_standardization,quick_test
korns-12,0,1.055583029939336,1.054940167759191,3.638334185018799e-05,0.0012539910985926994,1.977128+-0.004840*((((cos(x3)-log(x3))/sqrt((-5.075892-x0)))+sin(((x3-x0)+exp(-0.014003))))),((1.977128 - 0.00484*sin(-x0 + x3 + 0.986094585974667))*sqrt(-0.197009707850364*x0 - 1) + 0.00214827154061573*log(x3) - 0.00214827154061573*cos(x3))/sqrt(-0.197009707850364*x0 - 1),18,36,47.14243936538696,1.0_0.9_0.1_-1,interleaved,False,True,False,False
