gen,time,evals,best_fit,best_size,pop_size
1,0.920797,57615,0.373328,15,1024
2,1.826499,129486,0.253071,20,1024
3,2.830537,212310,0.222854,20,1024
4,3.863124,292980,0.195286,21,1024
5,5.106392,391664,0.171688,21,1024
6,6.31596,487835,0.171206,21,1024
7,7.544615,580551,0.143263,19,1024
8,8.823504,671503,0.142458,19,1024
9,10.043226,758928,0.06986,21,1024
10,11.202943,844683,0.06965,21,1024
11,12.41424,930028,0.068753,21,1024
12,13.550063,1016144,0.068619,21,1024
