gen,time,evals,best_fit,best_size,pop_size
1,0.873855,58450,0.400778,17,1024
2,1.837939,135453,0.328394,14,1024
3,2.844459,215842,0.326739,15,1024
4,3.936378,290193,0.320008,11,1024
5,5.050013,379754,0.319298,11,1024
6,6.208692,469997,0.303836,17,1024
7,7.425451,562168,0.272133,17,1024
8,8.727159,659118,0.229608,18,1024
9,9.962949,753939,0.208744,18,1024
10,11.161398,845080,0.199801,21,1024
11,12.396465,935298,0.195792,16,1024
12,13.664216,1028933,0.195415,16,1024
