gen,time,evals,best_fit,best_size,pop_size
1,0.878576,56497,0.374212,18,1024
2,1.789366,121138,0.374197,18,1024
3,2.763311,189336,0.366611,20,1024
4,3.766099,258706,0.323789,18,1024
5,4.959267,355303,0.286386,18,1024
6,6.168776,452655,0.257755,18,1024
7,7.332037,547871,0.257742,18,1024
8,8.507287,642977,0.223341,16,1024
9,9.739261,737087,0.172631,22,1024
10,10.899037,828851,0.166363,22,1024
11,12.059488,919843,0.157391,20,1024
12,13.224081,1008416,0.148694,20,1024
