gen,time,evals,best_fit,best_size,pop_size
1,0.84451,57820,0.364227,20,1024
2,1.718082,128399,0.363704,20,1024
3,2.656363,203324,0.323496,18,1024
4,3.636633,276586,0.205778,19,1024
5,4.764171,366858,0.19968,19,1024
6,5.91495,457043,0.138448,17,1024
7,7.103052,542653,0.117614,17,1024
8,8.269154,630241,0.11545,19,1024
9,9.508365,725949,0.082635,18,1024
10,10.683349,810223,0.08038,19,1024
11,11.87963,892509,0.080153,19,1024
12,13.16167,984459,0.079969,19,1024
13,14.468722,1082031,0.079319,19,1024
