dataset,seed,train_rmse,test_rmse,train_r2,test_r2,model,simpl_model,size,simpl_size,runtime,coeff_mut,gom_coeff_mut_strat,ims,linear_scaling,data_standardization,quick_test
keijzer-15,9,0.17181864524804685,0.4144037660693485,0.9968716572721265,0.9818021059234396,-2.268087+-1.469964*(((((1.677824*x1)*cos(x1))*(sqrt(x1)+(-13.386795/28.048388)))+(sin((0.089727+x0))-sqrt((x0+2.736468))))),-2.466340878336*x1*(sqrt(x1) - 0.477275022008395)*cos(x1) + 2.4316545965604*sqrt(0.365434567478955*x0 + 1) - 1.469964*sin(x0 + 0.089727) - 2.268087,23,27,13.683610916137695,0.5_0.1_0.1_-1,afterfossize,False,True,False,False
