dataset,seed,train_rmse,test_rmse,train_r2,test_r2,model,simpl_model,size,simpl_size,runtime,coeff_mut,gom_coeff_mut_strat,ims,linear_scaling,data_standardization,quick_test
keijzer-15,2,0.20606279334870742,0.5228983065259949,0.9955004103292806,0.9710260159788633,2.388897+1.543869*(((((-1.099305*x1)-(-3.156512/-38.551606))*(cos(x1)*sqrt(x1)))-(sqrt((-2.714303+x0))+sin((x0+-6.570835))))),-1.543869*sqrt(x1)*(1.099305*x1 + 0.0818775746981851)*cos(x1) - 2.54354608207207*sqrt(0.368418706386133*x0 - 1) - 1.543869*sin(x0 - 6.570835) + 2.388897,23,29,13.653555154800415,0.5_0.1_0.9_5,afterfossize,False,True,False,False
