dataset,seed,train_rmse,test_rmse,train_r2,test_r2,model,simpl_model,size,simpl_size,runtime,coeff_mut,gom_coeff_mut_strat,ims,linear_scaling,data_standardization,quick_test
keijzer-15,2,0.4582830572484304,0.8856583639991221,0.9777442953665714,0.9168798721756406,3.628588+24.066007*((((sin(x0)/(-18.560043+x1))+((x1*-0.107345)*cos(x1)))+(1.036142/((-8.141754-x0)+sqrt(0.181371))))),(-24.935800624994*x1 + (x0 + 7.71587725726802)*(x1 - 18.560043)*(-2.583365521415*x1*cos(x1) + 3.628588) + (24.066007*x0 + 185.690356084553)*sin(x0) + 462.809531839315)/((x0 + 7.71587725726802)*(x1 - 18.560043)),22,38,9.826467037200928,1.0_0.1_0.9_5,afterfossize,False,True,False,False
