dataset,seed,train_rmse,test_rmse,train_r2,test_r2,model,simpl_model,size,simpl_size,runtime,coeff_mut,gom_coeff_mut_strat,ims,linear_scaling,data_standardization,quick_test
keijzer-15,7,0.4591425749748955,0.7770985707604458,0.9776607351699195,0.9360079584065939,5.309052+4.924286*(((((0.653873*x1)-sin(x1))-sin(log(-1.039115)))-((sin(x0)/(6.676374-x1))+exp((x0/-29.926230))))),-(4.924286*x1 + (x1 - 6.676374)*(-3.219857659678*x1 + 4.924286*sin(x1) - 5.309052 + 0.188895489828212*cosh(pi) + 4.92066165304205*I*sinh(pi))*exp(0.0334155020528814*x0) - 4.924286*exp(0.0334155020528814*x0)*sin(x0) - 32.876375018964)*exp(-0.0334155020528814*x0)/(x1 - 6.676374),22,50,14.884355306625366,1.0_0.9_0.9_5,interleaved,False,True,False,False
