gen,time,evals,best_fit,best_size,pop_size
1,1.026391,51724,5e-06,9,1024
2,2.332596,146580,1e-06,17,1024
3,3.763231,243964,1e-06,22,1024
4,5.262774,341971,0.0,18,1024
5,6.755103,442315,0.0,18,1024
6,8.151715,531468,0.0,18,1024
7,9.480469,622945,0.0,18,1024
8,10.741883,717319,0.0,18,1024
9,12.164086,808492,0.0,18,1024
10,13.531803,894791,0.0,18,1024
11,14.855295,973150,0.0,18,1024
12,16.189901,1049968,0.0,18,1024
