gen,time,evals,best_fit,best_size,pop_size
1,0.950014,59160,1.8e-05,7,1024
2,2.090334,145602,1e-05,16,1024
3,3.356796,240637,5e-06,14,1024
4,4.661738,329754,5e-06,14,1024
5,5.97724,427132,2e-06,7,1024
6,7.321096,526055,1e-06,7,1024
7,8.526526,614851,1e-06,7,1024
8,9.625199,681800,1e-06,7,1024
9,10.720705,747161,1e-06,7,1024
10,11.802669,812849,1e-06,7,1024
11,12.888256,880447,1e-06,7,1024
12,14.001383,952210,1e-06,11,1024
13,15.097901,1024995,1e-06,11,1024
