gen,time,evals,best_fit,best_size,pop_size
1,0.901086,56701,1e-05,15,1024
2,2.035897,150380,3e-06,17,1024
3,3.257721,247560,2e-06,17,1024
4,4.492497,342858,2e-06,17,1024
5,5.701289,432999,2e-06,17,1024
6,6.941457,523799,2e-06,17,1024
7,8.115155,609398,2e-06,17,1024
8,9.272075,688865,2e-06,17,1024
9,10.453396,775369,2e-06,17,1024
10,11.644173,863362,2e-06,17,1024
11,12.845485,950079,2e-06,17,1024
12,14.009964,1036051,2e-06,17,1024
