gen,time,evals,best_fit,best_size,pop_size
1,0.626579,55042,1e-06,10,1024
2,1.420109,146259,0.0,10,1024
3,2.273842,240904,0.0,10,1024
4,3.190442,338379,0.0,10,1024
5,4.107045,430776,0.0,10,1024
6,4.932026,498983,0.0,10,1024
7,5.738857,567684,0.0,10,1024
8,6.545659,636423,0.0,10,1024
9,7.363793,705114,0.0,10,1024
10,8.193143,773794,0.0,10,1024
11,9.009376,842410,0.0,10,1024
12,9.829621,910779,0.0,10,1024
13,10.649429,979172,0.0,10,1024
14,11.465815,1047325,0.0,10,1024
