gen,time,evals,best_fit,best_size,pop_size
1,0.715059,57721,3e-06,11,1024
2,1.606754,145986,2e-06,18,1024
3,2.601266,244319,2e-06,18,1024
4,3.972145,344537,2e-06,18,1024
5,5.489399,445790,1e-06,17,1024
6,6.864547,539013,1e-06,17,1024
7,8.076715,611058,1e-06,17,1024
8,9.302574,683975,1e-06,17,1024
9,10.51305,760423,1e-06,17,1024
10,11.731547,848792,1e-06,17,1024
11,12.896195,932391,1e-06,17,1024
12,13.996659,1003138,0.0,17,1024
