gen,time,evals,best_fit,best_size,pop_size
1,1.07729,64127,2.7e-05,7,1024
2,2.320818,149795,1.3e-05,7,1024
3,3.649805,245051,1.1e-05,17,1024
4,5.010171,335166,4e-06,9,1024
5,6.301284,428594,4e-06,9,1024
6,7.472482,507943,2e-06,9,1024
7,8.544703,582247,0.0,7,1024
8,9.658648,654578,0.0,7,1024
9,10.757178,726973,0.0,7,1024
10,11.893334,802132,0.0,7,1024
11,13.107464,887667,0.0,7,1024
12,14.292848,969152,0.0,7,1024
13,15.478319,1049153,0.0,7,1024
