gen,time,evals,best_fit,best_size,pop_size
1,0.632124,49764,2.2e-05,14,1024
2,1.411778,124962,9e-06,14,1024
3,2.187074,199169,4e-06,10,1024
4,2.915651,248646,2e-06,19,1024
5,3.671477,314330,2e-06,19,1024
6,4.594957,397487,1e-06,19,1024
7,5.431815,473590,1e-06,17,1024
8,6.291062,547945,1e-06,17,1024
9,7.089385,621228,1e-06,17,1024
10,7.942809,701374,1e-06,17,1024
11,8.837832,790797,1e-06,20,1024
12,9.749003,879834,1e-06,20,1024
13,10.6681,968009,0.0,20,1024
14,11.594441,1055629,0.0,20,1024
