gen,time,evals,best_fit,best_size,pop_size
1,0.638542,56612,1.9e-05,16,1024
2,1.474762,149612,4e-06,9,1024
3,2.342035,244571,2e-06,14,1024
4,3.21743,343429,1e-06,14,1024
5,4.084865,440289,1e-06,14,1024
6,4.878507,518167,1e-06,12,1024
7,5.678639,595191,1e-06,12,1024
8,6.468093,672108,1e-06,12,1024
9,7.263469,749413,1e-06,12,1024
10,8.044299,827156,1e-06,12,1024
11,8.831217,905481,1e-06,12,1024
12,9.621054,984234,1e-06,12,1024
13,10.399066,1062880,1e-06,12,1024
