gen,time,evals,best_fit,best_size,pop_size
1,0.915205,55743,2.4e-05,16,1024
2,2.090525,147242,1e-06,20,1024
3,3.311865,237337,1e-06,20,1024
4,4.55714,313942,1e-06,9,1024
5,5.830658,406215,0.0,9,1024
6,7.113595,487177,0.0,9,1024
7,8.417938,571613,0.0,9,1024
8,9.694063,662191,0.0,9,1024
9,10.78856,734673,0.0,9,1024
10,11.892931,803976,0.0,9,1024
11,12.955991,872651,0.0,9,1024
12,14.003309,941926,0.0,9,1024
13,15.033701,1009788,0.0,9,1024
