gen,time,evals,best_fit,best_size,pop_size
1,0.848318,50946,1e-06,12,1024
2,1.985183,140639,1e-06,17,1024
3,3.229304,239038,0.0,14,1024
4,4.499885,337271,0.0,14,1024
5,5.740069,432176,0.0,14,1024
6,7.049385,528007,0.0,14,1024
7,8.277355,626570,0.0,14,1024
8,9.332923,697415,0.0,14,1024
9,10.361981,763967,0.0,14,1024
10,11.426798,830502,0.0,14,1024
11,12.487963,896375,0.0,14,1024
12,13.509699,960294,0.0,14,1024
13,14.535528,1023532,0.0,14,1024
