gen,time,evals,best_fit,best_size,pop_size
1,0.832844,47030,1e-05,15,1024
2,1.758037,115601,4e-06,10,1024
3,2.741084,196696,2e-06,10,1024
4,3.774539,278922,1e-06,10,1024
5,4.810904,359044,0.0,7,1024
6,5.847049,436732,0.0,7,1024
7,6.830851,509952,0.0,7,1024
8,7.808888,579869,0.0,7,1024
9,8.804831,652004,0.0,7,1024
10,9.808984,724783,0.0,7,1024
11,10.815869,795594,0.0,7,1024
12,11.80439,865745,0.0,7,1024
13,12.798059,937887,0.0,7,1024
14,13.793295,1008346,0.0,7,1024
