gen,time,evals,best_fit,best_size,pop_size
1,0.865257,46919,2.7e-05,21,1024
2,1.847292,120194,3e-06,17,1024
3,2.928521,200818,2e-06,20,1024
4,4.090248,282613,1e-06,13,1024
5,5.287137,372171,1e-06,13,1024
6,6.444395,462858,1e-06,13,1024
7,7.64579,555036,1e-06,13,1024
8,8.791483,642450,1e-06,17,1024
9,9.908989,714673,1e-06,17,1024
10,11.005662,786369,0.0,19,1024
11,12.108024,858066,0.0,19,1024
12,13.209884,929720,0.0,19,1024
13,14.302137,1001536,0.0,19,1024
