gen,time,evals,best_fit,best_size,pop_size
1,1.033835,60727,1e-06,15,1024
2,2.214403,146519,1e-06,15,1024
3,3.54559,243108,1e-06,19,1024
4,4.970058,341113,1e-06,19,1024
5,6.373254,438064,0.0,14,1024
6,7.656934,518088,0.0,16,1024
7,9.002212,601540,0.0,15,1024
8,10.344179,685531,0.0,14,1024
9,11.605302,756281,0.0,15,1024
10,12.863089,824574,0.0,15,1024
11,14.108992,892327,0.0,15,1024
12,15.356732,959560,0.0,15,1024
13,16.61504,1026664,0.0,15,1024
