gen,time,evals,best_fit,best_size,pop_size
1,0.868313,52133,8e-06,22,1024
2,1.974234,144833,2e-06,19,1024
3,3.137685,238161,1e-06,17,1024
4,4.320795,328875,1e-06,16,1024
5,5.569652,427592,0.0,16,1024
6,6.850756,526199,0.0,20,1024
7,8.092289,624959,0.0,17,1024
8,9.282,715230,0.0,16,1024
9,10.389733,792273,0.0,16,1024
10,11.349545,868670,0.0,21,1024
11,12.195164,944502,0.0,21,1024
12,13.006716,1017475,0.0,21,1024
