gen,time,evals,best_fit,best_size,pop_size
1,0.711613,43288,1e-05,22,1024
2,1.614762,119259,3e-06,12,1024
3,2.6091,199301,1e-06,10,1024
4,3.662173,283890,1e-06,10,1024
5,4.666823,365514,0.0,11,1024
6,5.685332,444539,0.0,10,1024
7,6.697894,529547,0.0,10,1024
8,7.66744,606062,0.0,15,1024
9,8.592669,675583,0.0,15,1024
10,9.569929,751221,0.0,15,1024
11,10.544333,826134,0.0,15,1024
12,11.47632,894905,0.0,17,1024
13,12.409843,961856,0.0,15,1024
14,13.344638,1029639,0.0,15,1024
