gen,time,evals,best_fit,best_size,pop_size
1,1.000271,59487,7e-06,24,1024
2,2.187956,149852,4e-06,13,1024
3,3.548778,246860,3e-06,15,1024
4,4.934696,343695,2e-06,8,1024
5,6.296402,430832,2e-06,8,1024
6,7.664423,517727,2e-06,19,1024
7,9.050499,605665,1e-06,9,1024
8,10.468868,695137,1e-06,9,1024
9,11.776183,783316,1e-06,20,1024
10,13.126173,873106,1e-06,19,1024
11,14.486564,962391,1e-06,21,1024
12,15.859772,1048885,1e-06,21,1024
