gen,time,evals,best_fit,best_size,pop_size
1,0.652976,54329,4e-06,10,1024
2,1.548299,148731,4e-06,10,1024
3,2.460817,247183,4e-06,10,1024
4,3.402024,345251,3e-06,23,1024
5,4.28943,437993,3e-06,23,1024
6,5.172729,522291,2e-06,25,1024
7,6.115622,609275,1e-06,17,1024
8,7.07373,699784,1e-06,17,1024
9,8.033969,795629,1e-06,17,1024
10,8.965551,890092,1e-06,17,1024
11,9.84908,979043,1e-06,16,1024
12,10.782987,1071103,1e-06,16,1024
