gen,time,evals,best_fit,best_size,pop_size
1,0.726508,60393,3.5e-05,12,1024
2,1.612981,146773,8e-06,14,1024
3,2.588252,243173,3e-06,14,1024
4,3.676447,339765,2e-06,14,1024
5,4.640124,435599,2e-06,14,1024
6,5.670934,535018,2e-06,14,1024
7,6.633326,620665,1e-06,14,1024
8,7.535747,691100,1e-06,14,1024
9,8.417346,759491,1e-06,14,1024
10,9.299363,828427,1e-06,14,1024
11,10.186278,897432,1e-06,14,1024
12,11.069854,966233,1e-06,14,1024
13,11.945123,1034969,1e-06,14,1024
