gen,time,evals,best_fit,best_size,pop_size
1,0.901968,56573,6e-06,16,1024
2,2.00043,144204,1e-06,12,1024
3,3.252904,241386,1e-06,18,1024
4,4.540816,337775,0.0,18,1024
5,5.877824,437883,0.0,18,1024
6,7.12686,529838,0.0,18,1024
7,8.247795,605951,0.0,18,1024
8,9.356209,676104,0.0,18,1024
9,10.455033,745483,0.0,18,1024
10,11.550397,815893,0.0,18,1024
11,12.642328,886272,0.0,18,1024
12,13.731237,956086,0.0,18,1024
13,14.816261,1024833,0.0,18,1024
