gen,time,evals,best_fit,best_size,pop_size
1,0.588943,48477,5e-06,21,1024
2,1.333849,123927,5e-06,21,1024
3,2.082423,202207,2e-06,21,1024
4,2.764724,255270,1e-06,19,1024
5,3.453103,318668,0.0,19,1024
6,4.182347,386721,0.0,19,1024
7,4.835935,444527,0.0,19,1024
8,5.605127,521644,0.0,19,1024
9,6.470735,613679,0.0,19,1024
10,7.380745,710122,0.0,19,1024
11,8.244775,793664,0.0,19,1024
12,9.109506,875598,0.0,19,1024
13,9.979999,958403,0.0,19,1024
14,10.902106,1049038,0.0,19,1024
