gen,time,evals,best_fit,best_size,pop_size
1,0.815129,47173,2e-06,18,1024
2,1.811446,125962,0.0,17,1024
3,2.803243,204471,0.0,18,1024
4,3.926302,285423,0.0,18,1024
5,5.10512,374402,0.0,18,1024
6,6.394516,469844,0.0,20,1024
7,7.512523,557120,0.0,20,1024
8,8.65795,647388,0.0,18,1024
9,9.644758,719387,0.0,18,1024
10,10.597622,782803,0.0,18,1024
11,11.573985,846501,0.0,18,1024
12,12.55522,911611,0.0,18,1024
13,13.556374,981086,0.0,18,1024
14,14.622423,1059842,0.0,18,1024
