gen,time,evals,best_fit,best_size,pop_size
1,0.891551,49301,1.5e-05,7,1024
2,1.840228,119084,1e-05,15,1024
3,2.893232,196294,3e-06,13,1024
4,3.963973,271084,3e-06,18,1024
5,5.043076,353395,1e-06,14,1024
6,6.200896,439436,1e-06,21,1024
7,7.356589,528582,0.0,21,1024
8,8.585318,621908,0.0,16,1024
9,9.840906,716055,0.0,17,1024
10,11.095867,807211,0.0,17,1024
11,12.30181,893003,0.0,16,1024
12,13.506866,980647,0.0,16,1024
13,14.719685,1066444,0.0,16,1024
