gen,time,evals,best_fit,best_size,pop_size
1,0.90155,55525,6e-06,21,1024
2,2.015079,149636,1e-06,18,1024
3,3.228237,246118,1e-06,18,1024
4,4.536588,345008,1e-06,18,1024
5,5.83528,440072,1e-06,18,1024
6,7.019422,520178,1e-06,18,1024
7,8.167393,598637,1e-06,18,1024
8,9.315745,675924,1e-06,18,1024
9,10.460698,753826,1e-06,17,1024
10,11.57816,830907,1e-06,16,1024
11,12.714266,909320,1e-06,16,1024
12,13.850187,981268,1e-06,16,1024
13,15.029346,1057665,1e-06,20,1024
