gen,time,evals,best_fit,best_size,pop_size
1,0.749341,45144,4e-06,19,1024
2,1.721526,124160,3e-06,15,1024
3,2.756162,207774,2e-06,14,1024
4,3.808568,292441,1e-06,14,1024
5,4.992391,384527,0.0,17,1024
6,6.212167,477632,0.0,17,1024
7,7.328292,551162,0.0,17,1024
8,8.407493,623621,0.0,17,1024
9,9.510252,702067,0.0,17,1024
10,10.62641,782632,0.0,17,1024
11,11.695115,861267,0.0,17,1024
12,12.774731,940981,0.0,17,1024
13,13.898775,1027555,0.0,17,1024
