gen,time,evals,best_fit,best_size,pop_size
1,0.869354,48190,1.1e-05,21,1024
2,1.857119,122684,9e-06,21,1024
3,2.896584,203273,1e-06,16,1024
4,4.002901,287585,0.0,13,1024
5,5.150472,369516,0.0,11,1024
6,6.340603,453825,0.0,18,1024
7,7.51808,531325,0.0,18,1024
8,8.747344,610465,0.0,18,1024
9,10.040218,691794,0.0,18,1024
10,11.313554,776800,0.0,18,1024
11,12.603897,864899,0.0,18,1024
12,13.915296,950663,0.0,18,1024
13,15.175938,1033394,0.0,20,1024
