gen,time,evals,best_fit,best_size,pop_size
1,0.800413,45561,1.9e-05,19,1024
2,1.801687,122198,1e-06,15,1024
3,2.874762,202520,1e-06,15,1024
4,4.013724,286394,0.0,15,1024
5,5.216884,376153,0.0,15,1024
6,6.396145,460131,0.0,15,1024
7,7.566031,540897,0.0,15,1024
8,8.719004,620978,0.0,15,1024
9,9.853175,704456,0.0,15,1024
10,10.946165,785875,0.0,17,1024
11,11.949577,847325,0.0,17,1024
12,12.944015,909415,0.0,17,1024
13,13.944413,972254,0.0,17,1024
14,14.932594,1036264,0.0,17,1024
