gen,time,evals,best_fit,best_size,pop_size
1,0.974471,60482,1.9e-05,16,1024
2,2.153643,147639,1.1e-05,15,1024
3,3.470374,244391,1e-06,12,1024
4,4.927637,343318,1e-06,12,1024
5,6.368077,443860,1e-06,12,1024
6,7.762194,541722,1e-06,12,1024
7,9.099496,624949,1e-06,12,1024
8,10.356581,705143,1e-06,12,1024
9,11.622748,790408,1e-06,12,1024
10,12.813865,878441,1e-06,12,1024
11,13.91835,952506,1e-06,12,1024
12,14.939141,1019071,1e-06,12,1024
