gen,time,evals,best_fit,best_size,pop_size
1,0.960296,58197,1.3e-05,7,1024
2,2.080272,144283,8e-06,8,1024
3,3.390696,240577,2e-06,16,1024
4,4.765246,340735,2e-06,16,1024
5,6.176458,437055,2e-06,15,1024
6,7.488798,533345,0.0,15,1024
7,8.84276,630908,0.0,15,1024
8,10.147286,727343,0.0,15,1024
9,11.360802,816796,0.0,20,1024
10,12.553229,904069,0.0,21,1024
11,13.747621,992851,0.0,18,1024
12,14.961501,1084735,0.0,18,1024
