gen,time,evals,best_fit,best_size,pop_size
1,0.695217,59248,3e-06,17,1024
2,1.564399,149296,1e-06,17,1024
3,2.497643,244112,1e-06,17,1024
4,3.458278,336536,1e-06,17,1024
5,4.434756,432057,1e-06,17,1024
6,5.409418,529692,0.0,19,1024
7,6.372041,619997,0.0,17,1024
8,7.392772,714914,0.0,17,1024
9,8.461153,811135,0.0,17,1024
10,9.477499,905951,0.0,17,1024
11,10.473879,1000391,0.0,17,1024
