gen,time,evals,best_fit,best_size,pop_size
1,0.886477,47008,2e-06,16,1024
2,1.832092,115487,2e-06,16,1024
3,2.940203,198764,2e-06,23,1024
4,4.068874,283541,2e-06,17,1024
5,5.311049,373850,1e-06,16,1024
6,6.502168,459216,1e-06,15,1024
7,7.584048,534203,1e-06,18,1024
8,8.672808,612108,1e-06,18,1024
9,9.79467,692564,0.0,20,1024
10,10.900646,773346,0.0,20,1024
11,11.989213,850550,0.0,20,1024
12,13.064317,925986,0.0,20,1024
13,14.166967,1001628,0.0,20,1024
