gen,time,evals,best_fit,best_size,pop_size
1,0.985279,61027,9e-06,10,1024
2,2.124294,147214,4e-06,15,1024
3,3.41663,243842,2e-06,15,1024
4,4.787761,342413,1e-06,16,1024
5,6.091599,439303,1e-06,14,1024
6,7.379134,529508,1e-06,16,1024
7,8.601284,618500,1e-06,16,1024
8,9.943274,714855,1e-06,16,1024
9,11.225763,800355,1e-06,16,1024
10,12.459465,872052,1e-06,16,1024
11,13.709917,943230,1e-06,16,1024
12,14.949721,1012826,1e-06,16,1024
