gen,time,evals,best_fit,best_size,pop_size
1,0.939365,58212,1.5e-05,18,1024
2,2.065461,145637,1e-06,7,1024
3,3.289966,234542,1e-06,7,1024
4,4.631367,328595,0.0,10,1024
5,5.886833,417309,0.0,10,1024
6,7.140107,503043,0.0,10,1024
7,8.338119,592233,0.0,10,1024
8,9.491763,672863,0.0,10,1024
9,10.534042,738585,0.0,10,1024
10,11.598621,805409,0.0,10,1024
11,12.650371,871815,0.0,10,1024
12,13.707179,938577,0.0,10,1024
13,14.763231,1005660,0.0,10,1024
