gen,time,evals,best_fit,best_size,pop_size
1,0.886221,49336,2e-06,9,1024
2,1.980359,137166,2e-06,9,1024
3,3.179485,234415,2e-06,21,1024
4,4.433575,332396,1e-06,13,1024
5,5.720833,431430,0.0,10,1024
6,7.040318,529941,0.0,12,1024
7,8.376667,621085,0.0,13,1024
8,9.660737,703002,0.0,10,1024
9,10.994371,789060,0.0,10,1024
10,12.333344,876086,0.0,15,1024
11,13.685206,963635,0.0,18,1024
12,15.000836,1049470,0.0,15,1024
