gen,time,evals,best_fit,best_size,pop_size
1,0.879969,55212,7e-06,16,1024
2,1.96794,147756,1e-06,10,1024
3,3.135298,242618,0.0,10,1024
4,4.419308,341823,0.0,12,1024
5,5.675484,436619,0.0,19,1024
6,6.896858,525168,0.0,17,1024
7,8.182637,614807,0.0,17,1024
8,9.455314,702564,0.0,17,1024
9,10.722081,791077,0.0,17,1024
10,11.966716,879949,0.0,17,1024
11,13.202026,970500,0.0,17,1024
12,14.436074,1056676,0.0,17,1024
