gen,time,evals,best_fit,best_size,pop_size
1,0.798767,46574,1.6e-05,13,1024
2,1.754611,124212,9e-06,13,1024
3,2.790499,208785,2e-06,15,1024
4,3.930501,298296,2e-06,15,1024
5,5.034283,388034,1e-06,19,1024
6,6.041411,466551,1e-06,20,1024
7,6.965355,533060,1e-06,20,1024
8,7.87338,594400,1e-06,14,1024
9,8.747643,657458,1e-06,21,1024
10,9.653747,722804,1e-06,21,1024
11,10.613718,792334,1e-06,21,1024
12,11.58329,862783,0.0,21,1024
13,12.515822,929263,0.0,21,1024
14,13.488684,1001830,0.0,21,1024
