gen,time,evals,best_fit,best_size,pop_size
1,0.766894,43142,2e-06,12,1024
2,1.700932,119785,1e-06,21,1024
3,2.751628,201550,1e-06,21,1024
4,3.795072,279448,0.0,22,1024
5,5.003492,370451,0.0,18,1024
6,6.226813,462299,0.0,18,1024
7,7.43927,551124,0.0,18,1024
8,8.624375,635363,0.0,17,1024
9,9.83339,718754,0.0,18,1024
10,11.016709,799512,0.0,17,1024
11,12.186709,878137,0.0,17,1024
12,13.376299,955858,0.0,17,1024
13,14.552218,1032500,0.0,17,1024
