gen,time,evals,best_fit,best_size,pop_size
1,0.988233,58600,1e-05,10,1024
2,2.277559,152032,8e-06,10,1024
3,3.551007,247460,8e-06,10,1024
4,4.946569,344734,5e-06,18,1024
5,6.158129,423074,5e-06,18,1024
6,7.403432,505986,4e-06,14,1024
7,8.567089,595389,4e-06,17,1024
8,9.786693,684767,4e-06,18,1024
9,11.002997,772985,4e-06,13,1024
10,12.291239,864202,4e-06,18,1024
11,13.550691,946862,4e-06,18,1024
12,14.801663,1029535,4e-06,18,1024
