gen,time,evals,best_fit,best_size,pop_size
1,0.835504,46901,1.5e-05,10,1024
2,1.68687,112185,5e-06,12,1024
3,2.638999,192155,2e-06,13,1024
4,3.653098,272682,2e-06,13,1024
5,4.677041,353772,2e-06,13,1024
6,5.713145,434942,1e-06,13,1024
7,6.766078,516154,1e-06,13,1024
8,7.876126,598946,0.0,14,1024
9,9.03646,679382,0.0,14,1024
10,10.102439,743985,0.0,14,1024
11,11.189763,810742,0.0,14,1024
12,12.277318,877763,0.0,14,1024
13,13.360043,944076,0.0,14,1024
14,14.442503,1010703,0.0,14,1024
