gen,time,evals,best_fit,best_size,pop_size
1,0.693148,56637,1e-05,16,1024
2,1.528043,141053,1e-06,19,1024
3,2.452918,234893,1e-06,16,1024
4,3.468561,331891,1e-06,16,1024
5,4.466206,425760,0.0,16,1024
6,5.474994,516964,0.0,16,1024
7,6.514767,616577,0.0,16,1024
8,7.603756,715391,0.0,16,1024
9,8.690383,812181,0.0,16,1024
10,9.794699,907501,0.0,16,1024
11,10.85205,990856,0.0,16,1024
12,11.930234,1075774,0.0,16,1024
