gen,time,evals,best_fit,best_size,pop_size
1,0.946242,57421,2e-05,15,1024
2,2.049114,145270,1e-06,14,1024
3,3.313291,243583,1e-06,14,1024
4,4.696324,344259,1e-06,14,1024
5,6.098169,444163,1e-06,14,1024
6,7.452386,537542,1e-06,14,1024
7,8.795204,624007,1e-06,14,1024
8,10.254936,712826,1e-06,14,1024
9,11.643332,799375,1e-06,9,1024
10,13.039312,884614,1e-06,9,1024
11,14.401846,965274,1e-06,9,1024
12,15.760522,1046838,1e-06,9,1024
