gen,time,evals,best_fit,best_size,pop_size
1,0.757169,44936,2e-06,16,1024
2,1.710769,122381,2e-06,16,1024
3,2.691606,201823,2e-06,20,1024
4,3.70456,284331,1e-06,22,1024
5,4.729405,367498,1e-06,16,1024
6,5.837205,453896,1e-06,16,1024
7,7.04075,542135,0.0,8,1024
8,8.119156,627046,0.0,8,1024
9,9.11407,704070,0.0,8,1024
10,10.16256,782763,0.0,8,1024
11,11.181404,856005,0.0,8,1024
12,12.240841,928735,0.0,8,1024
13,13.273662,1003939,0.0,8,1024
