gen,time,evals,best_fit,best_size,pop_size
1,0.982519,57983,9e-06,12,1024
2,2.086297,143657,1e-06,10,1024
3,3.350413,239889,1e-06,10,1024
4,4.676086,336777,1e-06,13,1024
5,6.000449,431665,0.0,13,1024
6,7.264637,525027,0.0,13,1024
7,8.331734,592131,0.0,13,1024
8,9.371669,657451,0.0,13,1024
9,10.481594,721483,0.0,13,1024
10,11.541992,786076,0.0,13,1024
11,12.597468,851994,0.0,13,1024
12,13.667832,918000,0.0,13,1024
13,14.739146,982842,0.0,13,1024
14,15.834991,1047135,0.0,13,1024
