gen,time,evals,best_fit,best_size,pop_size
1,0.86841,54554,3e-06,9,1024
2,1.978515,146063,2e-06,12,1024
3,3.181876,243209,1e-06,17,1024
4,4.446668,340594,1e-06,12,1024
5,5.690654,438692,0.0,13,1024
6,6.934966,533272,0.0,13,1024
7,8.054876,605405,0.0,13,1024
8,9.205764,679692,0.0,13,1024
9,10.436388,767603,0.0,13,1024
10,11.639091,853067,0.0,13,1024
11,12.811882,927017,0.0,13,1024
12,13.937076,999952,0.0,13,1024
13,15.094762,1077962,0.0,13,1024
