dataset,seed,train_rmse,test_rmse,train_r2,test_r2,model,simpl_model,size,simpl_size,runtime,coeff_mut,gom_coeff_mut_strat,ims,linear_scaling,data_standardization,quick_test
nguyen-7,4,0.00045480356725864716,0.0011527563865189607,0.9999996167561043,0.9999975379175342,7.378198+0.014470*(((sqrt(cos(x0))-exp(exp(1.961642)))/(exp((-0.352112-x0))+((x0+0.513928)+sqrt(-1.403457))))),((0.01447*sqrt(cos(x0)) - 17.731026197562)*exp(x0) + (7.378198*x0 + 3.791862541744 + 8.7407733932693*I)*exp(x0) + 5.1883588606706)/((x0 + 0.513928 + 1.18467590504745*I)*exp(x0) + 0.703201359013488),19,38,14.32581377029419,0.5_0.1_0.1_5,interleaved,False,True,False,False
