dataset,seed,train_rmse,test_rmse,train_r2,test_r2,model,simpl_model,size,simpl_size,runtime,coeff_mut,gom_coeff_mut_strat,ims,linear_scaling,data_standardization,quick_test
nguyen-7,6,0.000925555993739993,0.003813064458123689,0.9999984127953893,0.999973061350788,1.054477+0.140181*((((cos(-6.126385)-(-9.383502-x0))/(cos(x0)-(-2.793860--5.222000)))-((x0*(x0-11.682251))+(sqrt(5.254500)*sqrt(x0))))),(0.140181*x0 + (cos(x0) - 2.42814)*(-0.321332647271756*sqrt(x0) - 0.140181*x0*(x0 - 11.682251) + 1.054477) + 1.45384995310148)/(cos(x0) - 2.42814),25,30,40.098199129104614,1.0_es,within,False,True,False,False
