dataset,seed,train_rmse,test_rmse,train_r2,test_r2,model,simpl_model,size,simpl_size,runtime,coeff_mut,gom_coeff_mut_strat,ims,linear_scaling,data_standardization,quick_test
nguyen-7,6,0.001323734113382394,0.0017416608519881824,0.9999967533980638,0.9999943797620706,7.997450+23.455787*(((exp(cos(x0))-((x0+x0)-(x0+19.429567)))/((-5.410666*(12.003142+x0))-((x0*x0)*sqrt(-1.215465))))),(8.81703901157079*I*x0**2 + 66.7273178017*x0 - 23.455787*exp(cos(x0)) + 63.65854371595)/(1.10248129235829*I*x0**2 + 5.410666*x0 + 64.944992312572),24,30,41.9368097782135,1.0_0.9_0.9_5,afteronce,False,True,False,False
