dataset,seed,train_rmse,test_rmse,train_r2,test_r2,model,simpl_model,size,simpl_size,runtime,coeff_mut,gom_coeff_mut_strat,ims,linear_scaling,data_standardization,quick_test
nguyen-7,4,0.0005980029731971104,0.0009748031484001328,0.9999993374262777,0.9999982393972833,6577044146972.467773+-1.479322*(((cos(cos(x0))*(sin(-1.357286)/(x0+1.174531)))-(((x0+-0.017789)-exp(29.123022))-exp((-13.951145/x0))))),1.479322*x0 + 4392461.399413585663 - 1.479322*exp(-13.951145/x0) + 1.44573122472858*cos(cos(x0))/(x0 + 1.174531),22,23,21.399165153503418,0.5_0.9_0.1_-1,within,False,True,False,False
