dataset,seed,train_rmse,test_rmse,train_r2,test_r2,model,simpl_model,size,simpl_size,runtime,coeff_mut,gom_coeff_mut_strat,ims,linear_scaling,data_standardization,quick_test
nguyen-7,6,0.0005063409504528946,0.0032031860240684645,0.9999995249781067,0.9999809895742565,0.694556+-0.010534*(((((1.288685+x0)-exp(x0))/exp((x0+-5.500712)))+(((-11.185296+-0.942678)*(x0+x0))+(log(x0)-exp(x0))))),0.255512156232*x0 - 2.57942070835987*x0*exp(-x0) + 0.010534*exp(x0) - 0.010534*log(x0) + 3.27397670835987 - 3.32406077555274*exp(-x0),25,26,20.442060947418213,1.0_0.1_0.1_5,within,False,True,False,False
