dataset,seed,train_rmse,test_rmse,train_r2,test_r2,model,simpl_model,size,simpl_size,runtime,coeff_mut,gom_coeff_mut_strat,ims,linear_scaling,data_standardization,quick_test
nguyen-7,0,0.0006352398933590599,0.0011784448096811388,0.9999992523418881,0.9999974269630841,-0.609197+-0.183442*(((exp(cos(x0))*sqrt((x0-4.521455)))-(((x0*5.037897)--9.055114)/cos((0.002487/x0))))),0.924161901474*x0/cos(0.002487/x0) - 0.390065808092422*sqrt(0.221167743569271*x0 - 1)*exp(cos(x0)) - 0.609197 + 1.661088222388/cos(0.002487/x0),19,35,16.736067295074463,0.5_0.9_0.1_-1,within,False,True,False,False
