dataset,seed,train_rmse,test_rmse,train_r2,test_r2,model,simpl_model,size,simpl_size,runtime,coeff_mut,gom_coeff_mut_strat,ims,linear_scaling,data_standardization,quick_test
nguyen-7,7,0.0004970018427610575,0.0020797155494753582,0.9999995423394067,0.9999919862572102,2688040.389642+3.275309*((cos(((-4.131155-4.318042)/(x0--2.943307)))-(sqrt(-2.394433)/(exp(-12.059983)/exp(1.877171))))),3.275309*cos(8.449197/(x0 + 2.943307)) + 2688040.389642 - 5723776.91678695*I,17,15,15.17846155166626,1.0_0.1_0.9_5,interleaved,False,True,False,False
