dataset,seed,train_rmse,test_rmse,train_r2,test_r2,model,simpl_model,size,simpl_size,runtime,coeff_mut,gom_coeff_mut_strat,ims,linear_scaling,data_standardization,quick_test
nguyen-7,8,0.001566363240995075,0.004517290221981955,0.9999954541773668,0.9999621920170569,-11136506292312.587891+-1.144894*(((exp(sin(x0))/exp(exp(x0)))-((exp(29.905937)+(x0+10.594401))+exp((-10.104290/x0))))),1.1448940000000000783*x0 - 1.1448940000000000783*exp(-exp(x0) + sin(x0)) - 6978714.439453497529 + 1.1448940000000000783*exp(-10.10429/x0),19,23,29.21330428123474,1.0_0.1_0.1_-1,within,False,True,False,False
