dataset,seed,train_rmse,test_rmse,train_r2,test_r2,model,simpl_model,size,simpl_size,runtime,coeff_mut,gom_coeff_mut_strat,ims,linear_scaling,data_standardization,quick_test
nguyen-7,6,0.0003841958767760834,0.0007353913888717297,0.999999726515372,0.9999989980071983,112.314359+-0.817667*(((exp(cos(x0))/sqrt((3.382218+x0)))-(((x0-136.028806)*(x0/x0))-((-0.001036--0.595185)/(x0-4.229957))))),0.817667*x0 + 1.08809328439798 - 0.485816030383/(x0 - 4.229957) - 0.444606361415545*exp(cos(x0))/sqrt(0.295663969619936*x0 + 1),24,24,22.61402201652527,0.5_0.9_0.1_-1,within,False,True,False,False
