dataset,seed,train_rmse,test_rmse,train_r2,test_r2,model,simpl_model,size,simpl_size,runtime,coeff_mut,gom_coeff_mut_strat,ims,linear_scaling,data_standardization,quick_test
nguyen-7,2,0.000400713582967223,0.014909618704478718,0.9999997024940546,0.9995881295868829,-0.222837+0.212823*(((x0/((x0/3.064077)-(-0.236443-x0)))-(cos(log(x0))+(x0*(x0+-8.922766))))),(0.212823*x0 - (1.32636255551019*x0 + 0.236443)*(0.212823*x0*(x0 - 8.922766) + 0.212823*cos(log(x0)) + 0.222837))/(1.32636255551019*x0 + 0.236443),19,32,14.654313564300537,0.5_0.1_0.1_-1,interleaved,False,True,False,False
