dataset,seed,train_rmse,test_rmse,train_r2,test_r2,model,simpl_model,size,simpl_size,runtime,coeff_mut,gom_coeff_mut_strat,ims,linear_scaling,data_standardization,quick_test
nguyen-7,5,0.0010764029007170833,0.006692228274333649,0.9999978532709161,0.9999170208438011,-0.783113+0.541086*(((((5.278510+-3.902071)-(x0/4.798444))+exp((x0-1.674095)))+(cos((x0/2.678649))*((3.503790*x0)-sqrt(x0))))),-0.112762803942278*x0 - (0.541086*sqrt(x0) - 1.89585171594*x0)*cos(0.373322521913099*x0) + 0.101441596719132*exp(x0) - 0.038341127246,24,24,65.74714970588684,0.5_0.1_0.1_-1,within,False,True,False,False
