dataset,seed,train_rmse,test_rmse,train_r2,test_r2,model,simpl_model,size,simpl_size,runtime,coeff_mut,gom_coeff_mut_strat,ims,linear_scaling,data_standardization,quick_test
nguyen-7,6,0.0004466996844660681,0.0009511058828190547,0.9999996302920303,0.999998323956612,1.691002+-0.153578*(((exp(cos(x0))-((x0+x0)-log(-2.681155)))*sqrt((sin(x0)+-8.838226)))),sqrt(0.113144877716411*sin(x0) - 1)*(0.913148803865094*x0 - 0.456574401932547*exp(cos(x0)) - 0.450295440923632 - 0.456574401932547*I*pi) + 1.691002,16,25,21.35036015510559,1.0_0.1_0.1_-1,within,False,True,False,False
