dataset,seed,train_rmse,test_rmse,train_r2,test_r2,model,simpl_model,size,simpl_size,runtime,coeff_mut,gom_coeff_mut_strat,ims,linear_scaling,data_standardization,quick_test
nguyen-7,0,0.0005246305266049273,0.0023135593054080007,0.999999490041734,0.9999900828063305,-0.327302+0.313361*((exp(((x0+0.763227)*(-2.985803*x0)))+(((6.043254*x0)+exp(-3.520638))+((x0/-3.292943)*(x0+x0))))),-0.190322759914156*x0**2 + 1.893720116694*x0 + 0.313361*exp(-2.985803*x0**2 - 2.278845466281*x0) - 0.318032607155915,23,22,14.75572681427002,1.0_0.1_0.9_5,interleaved,False,True,False,False
