dataset,seed,train_rmse,test_rmse,train_r2,test_r2,model,simpl_model,size,simpl_size,runtime,coeff_mut,gom_coeff_mut_strat,ims,linear_scaling,data_standardization,quick_test
nguyen-7,0,0.00014950520936825155,0.0002980612177595233,0.9999999585866681,0.9999998353967279,0.670522+0.992768*(((-3.001871/((x0*x0)+log(8.627909)))+(cos((x0/-3.306560))+(x0+log(-0.753989))))),((x0**2 + 2.15500218141519)*(0.992768*x0 + 0.992768*cos(0.302429110616471*x0) + 0.39018665413955 + 0.992768*I*pi) - 2.980161468928)/(x0**2 + 2.15500218141519),18,31,14.645949125289917,0.5_0.1_0.1_5,afterfossize,False,True,False,False
