dataset,seed,train_rmse,test_rmse,train_r2,test_r2,model,simpl_model,size,simpl_size,runtime,coeff_mut,gom_coeff_mut_strat,ims,linear_scaling,data_standardization,quick_test
nguyen-7,3,0.00025505315068759374,0.001589575908359658,0.9999998794717345,0.9999953184456976,796888679429.741577+-0.027581*(((exp((4.203561-x0))*(log(-8.135066)-(x0*-1.634098)))-(exp(x0)-exp((38.622604+-7.628004))))),(-3.01627860349448*x0 + (0.027581*exp(x0) + 7156510.54077136517)*exp(x0) - 3.86921378460497 - 1.84583703272049*I*pi)*exp(-x0),19,23,24.802741289138794,1.0_0.9_0.1_5,afteronce,False,True,False,False
