dataset,seed,train_rmse,test_rmse,train_r2,test_r2,model,simpl_model,size,simpl_size,runtime,coeff_mut,gom_coeff_mut_strat,ims,linear_scaling,data_standardization,quick_test
korns-7,7,2757445492.690602,2756274742.9863796,0.9999999660768755,0.9999999661056753,-682236909.129883+-51051712585157848463399621446041404268513558577267283127810665716223430285336329338547289445777421118917994019041400984641284028725670675911920537008298896153653542912.000000*((sqrt(exp((-773.594332-x0)))*exp(sqrt((x0-63.733457))))),-0.05298287320531673316380342875146214686169641037297699573036151104131474820491121136001311242580413818359375*sqrt(exp(-x0))*exp(7.98332368127461*sqrt(0.0156903461238577*x0 - 1)) - 682236909.129883,11,20,126.90545201301575,0.5_0.9_0.1_-1,afteronce,False,True,False,False
