dataset,seed,train_rmse,test_rmse,train_r2,test_r2,model,simpl_model,size,simpl_size,runtime,coeff_mut,gom_coeff_mut_strat,ims,linear_scaling,data_standardization,quick_test
korns-7,9,397129536.2229329,396391828.9324498,0.9999999992963667,0.9999999992989784,80704900.741211+-2618296389561870362629671014080490952114271584832716800.000000*(exp((((x3*-50.677772)/(92.611368*x3))*(x0+219.177023)))),80704900.741211 - 214.108783422241148335286354644885979534222037569861185032959*exp(-0.547208977627887*x0),12,8,53.856441259384155,1.0_0.1_0.1_-1,within,False,True,False,False
