dataset,seed,train_rmse,test_rmse,train_r2,test_r2,model,simpl_model,size,simpl_size,runtime,coeff_mut,gom_coeff_mut_strat,ims,linear_scaling,data_standardization,quick_test
korns-7,0,5969022.680644199,5980594.406591223,0.999999999999841,0.9999999999998405,-782544.101074+213.814827*(((sqrt((x0*x0))+((x0*x0)*sqrt(228.101000)))-(exp((x0/-1.827361))+(sqrt(x0)*(x0*86.987000))))),-18599.110356249*x0**(3/2) + 3229.24809989475*x0**2 + 213.814827*sqrt(x0**2) - 782544.101074 - 213.814827*exp(-0.547237245404712*x0),23,25,26.34915256500244,1.0_0.9_0.1_-1,interleaved,False,True,False,False
