dataset,seed,train_rmse,test_rmse,train_r2,test_r2,model,simpl_model,size,simpl_size,runtime,coeff_mut,gom_coeff_mut_strat,ims,linear_scaling,data_standardization,quick_test
korns-7,2,6549777893.565254,6539687895.889171,0.9999998086030025,0.9999998091922462,-1658107548.627930+-40975050279172297663082369991881083526212116302958727018963309346548446488431376451384137021788872333694366178975528651143545068767779437928357890264455171298588637528064.000000*((sqrt(exp((-774.928923-x0)))*exp(sqrt((x0/2.318574))))),-21.8193561949789530876932786698834313666024721529053796522149531733614225004203035496175289154052734375*exp(0.656734027806039*sqrt(x0))*sqrt(exp(-x0)) - 1658107548.62793,11,16,162.736341714859,1.0_0.9_0.1_-1,afteronce,False,True,False,False
