dataset,seed,train_rmse,test_rmse,train_r2,test_r2,model,simpl_model,size,simpl_size,runtime,coeff_mut,gom_coeff_mut_strat,ims,linear_scaling,data_standardization,quick_test
korns-7,6,611109629.6785369,609724167.2915598,0.9999999983338265,0.9999999983413728,-159112354.586914+-2266175508704323294027309269200799352492321970984912263952910348451840.000000*((exp(((288.153940+x0)*cos(222.069500)))*exp(log((195.331697+x0))))),-(1.046657028603819492181041984873382889949063755420487058221971823218643393716*x0 + 159112354.586914*exp(0.554047130941251*x0) + 204.4452935741615929299401115973453879141192844385491468827686656111297149881)*exp(-0.554047130941251*x0),13,17,37.367966175079346,0.5_0.1_0.1_-1,afterfossize,False,True,False,False
