dataset,seed,train_rmse,test_rmse,train_r2,test_r2,model,simpl_model,size,simpl_size,runtime,coeff_mut,gom_coeff_mut_strat,ims,linear_scaling,data_standardization,quick_test
korns-7,3,1681758881.5409174,1681831910.6682744,0.9999999873814506,0.9999999873803547,-407892881.313477+4293718154788851357740284230808094846478173373586937790443324501607650303562820682925622893047008058700407127523774423043779067904.000000*(((exp(sqrt(x0))/(sqrt(-50.708755)+(x0--0.664021)))/sqrt(exp((x0--588.184096))))),(-(407892881.313477*x0 + 270849438.942656 + 2904608472.80745*I)*sqrt(exp(x0)) + 81.335457781627254471530431722507336388630398648506831423541686698630570617751800455152988433837890625*exp(sqrt(x0)))/((x0 + 0.664021 + 7.12100800448925*I)*sqrt(exp(x0))),16,34,49.1651349067688,1.0_0.9_0.1_5,afteronce,False,True,False,False
