dataset,seed,train_rmse,test_rmse,train_r2,test_r2,model,simpl_model,size,simpl_size,runtime,coeff_mut,gom_coeff_mut_strat,ims,linear_scaling,data_standardization,quick_test
korns-7,9,3153970665.5298324,3169773879.3232574,0.9999999556189806,0.9999999551731172,-650248602.800293+935916235105235161631078268237740981158825591998610586022473783330385610887953509124400043127109198714832809522668979611295626785655070440328466452843015558812785442816.000000*((sqrt(exp((-771.946582-x0)))*(((x0*x0)*(x0/156.581980))+log(exp(-226.214711))))),(0.01413919737843798413064705521398169938033860086210269223508038624134039065801537556564236788578108457256243433761295550635424256302741241597686894237995147705078125*x0**3 - 500.82659380198267600476072110496377372579730686504525216362066376216282417819490383622053092585028112775901994006833017891722192871384322643280029296875)*sqrt(exp(-x0)) - 650248602.800293,17,16,53.57154846191406,1.0_0.9_0.9_5,within,False,True,False,False
