dataset,seed,train_rmse,test_rmse,train_r2,test_r2,model,simpl_model,size,simpl_size,runtime,coeff_mut,gom_coeff_mut_strat,ims,linear_scaling,data_standardization,quick_test
korns-7,2,58218.58761451132,58153.64576952218,1.0,1.0,12068.145020+-45649682786095897565259265518787845678774310473227323886276216690184444690363026039035342501251123586018027896515182274281472.000000*(sqrt(exp(((x0/-10.584814)-(x0+563.347756))))),12068.14502 - 213.8094283319691279269121269039791079986048303671942417080419074348895946968696080148220062255859375*sqrt(exp(-1.09447497140715*x0)),9,10,29.252276182174683,0.5_0.1_0.9_5,afterfossize,False,True,False,False
