dataset,seed,train_rmse,test_rmse,train_r2,test_r2,model,simpl_model,size,simpl_size,runtime,coeff_mut,gom_coeff_mut_strat,ims,linear_scaling,data_standardization,quick_test
korns-7,1,9017704957.275208,90953246.79738815,0.9999996371943697,0.9999999999630922,93200517.908691+-213.877671*((exp(((x0/-1.827370)-(-0.007679/x0)))-(sqrt((-496087.633824*x0))*((x0/30.712816)-log(-5.890339))))),sqrt(-x0)*(4904.84185344116*x0 - 267134.622814947 - 150641.505353837*I*pi) - 213.877671*exp((0.007679 - 0.547234550200561*x0**2)/x0) + 93200517.908691,20,31,34.93059468269348,0.5_0.9_0.9_5,interleaved,False,True,False,False
