dataset,seed,train_rmse,test_rmse,train_r2,test_r2,model,simpl_model,size,simpl_size,runtime,coeff_mut,gom_coeff_mut_strat,ims,linear_scaling,data_standardization,quick_test
korns-7,7,1272349.276967631,1273380.2428246718,0.9999999999999928,0.9999999999999928,1453797.069824+-213.808192*(((exp((x0*-0.547238))+((-29.109148-x0)*(x0+-166.086090)))+(((x0+-44.911288)*sqrt(x0))*x0))),-213.808192*x0**(5/2) + 9602.40128767129*x0**(3/2) + 213.808192*x0**2 - 29286.7923147089*x0 + 420114.730540413 - 213.808192*exp(-0.547238*x0),21,26,35.446688652038574,0.5_es,afterfossize,False,True,False,False
