dataset,seed,train_rmse,test_rmse,train_r2,test_r2,model,simpl_model,size,simpl_size,runtime,coeff_mut,gom_coeff_mut_strat,ims,linear_scaling,data_standardization,quick_test
korns-7,8,4086199.404184296,4087549.622803076,0.9999999999999255,0.9999999999999255,1641116.568848+-213.805528*((exp(((x0*0.452762)-(x0-0.000000)))+(((x0*x0)*(x0-43.927000))*log(sin(-178.358002))))),((213.805528*x0**2*(0.424741308657953 - I*pi)*(x0 - 43.927) + 1641116.568848)*exp(0.547238*x0) - 213.805528)*exp(-0.547238*x0),20,28,23.716033458709717,1.0_0.9_0.1_-1,interleaved,False,True,False,False
