dataset,seed,train_rmse,test_rmse,train_r2,test_r2,model,simpl_model,size,simpl_size,runtime,coeff_mut,gom_coeff_mut_strat,ims,linear_scaling,data_standardization,quick_test
korns-7,3,3234506.1536762593,3231056.689724912,0.9999999999999534,0.9999999999999534,-685814.833496+-1021593609435717600763500517048043732555833262545238883156378948225326074269278856343744129582655835147393644223084045369830863255940652254342026021248999551825038278656.000000*(sqrt(exp(((x0/-10.584761)-(762.981172+x0))))),-213.806926094492883214115155243272390057745336294061768507741849720815707769361324608325958251953125*sqrt(exp(-1.09447544446209*x0)) - 685814.833496,9,10,52.75603413581848,0.5_0.9_0.9_5,within,False,True,False,False
