dataset,seed,train_rmse,test_rmse,train_r2,test_r2,model,simpl_model,size,simpl_size,runtime,coeff_mut,gom_coeff_mut_strat,ims,linear_scaling,data_standardization,quick_test
korns-7,5,0.24862221676504956,0.24671488373830966,1.0,1.0,213.895020+-76760300175884176972792109235074595348845115918886938826293347826841744941197403025570719025057524698197262336.000000*(exp(((-378.701598-(x0+73.852913))/log(log(-501.420926))))),213.89502 - 76760300175884176972792109235074595348845115918886938826293347826841744941197403025570719025057524698197262336.0*exp(-(x0 + 452.554511)/log(6.21744591999491 + I*pi)),10,18,47.919570446014404,1.0_0.9_0.1_5,within,False,True,False,False
