dataset,seed,train_rmse,test_rmse,train_r2,test_r2,model,simpl_model,size,simpl_size,runtime,coeff_mut,gom_coeff_mut_strat,ims,linear_scaling,data_standardization,quick_test
korns-7,0,0.5147603474815717,0.5354796587361695,1.0,1.0,213.774902+-148666784755252768034043421777968251539812717553541709824.000000*(sqrt(exp(((x0+226.549205)/sin(-14.555717))))),213.774902 - 213.783625285603692040601453621908138769749254773064812463773815*sqrt(exp(-1.09447603731494*x0)),8,10,61.77208948135376,1.0_0.1_0.1_5,afteronce,False,True,False,False
