dataset,seed,train_rmse,test_rmse,train_r2,test_r2,model,simpl_model,size,simpl_size,runtime,coeff_mut,gom_coeff_mut_strat,ims,linear_scaling,data_standardization,quick_test
korns-7,6,470630212.5365825,476084360.4880199,0.9999999990118075,0.9999999989887703,-19534503.847656+36066852925341784080384.000000*(((exp(sqrt(x0))/((-204.891031/x0)+x0))/sqrt(exp((94.914584+x0))))),(88.443965641686027673139992263*x0*exp(sqrt(x0)) + (4002444633.4197 - 19534503.847656*x0**2)*sqrt(exp(x0)))/((x0**2 - 204.891031)*sqrt(exp(x0))),15,32,107.45649123191833,0.5_0.1_0.9_5,afteronce,False,True,False,False
