dataset,seed,train_rmse,test_rmse,train_r2,test_r2,model,simpl_model,size,simpl_size,runtime,coeff_mut,gom_coeff_mut_strat,ims,linear_scaling,data_standardization,quick_test
korns-7,6,960482.3674116967,962148.9635238571,0.9999999999999959,0.9999999999999959,260294.717773+-213.808503*((exp(sqrt((x0+-44.115749)))+exp((x0*cos(224.044815))))),-213.808503*exp(6.64196875933635*sqrt(0.0226676418890678*x0 - 1)) + 260294.717773 - 213.808503*exp(-0.547237195313798*x0),11,20,36.63464117050171,1.0_0.1_0.1_-1,afterfossize,False,True,False,False
