dataset,seed,train_rmse,test_rmse,train_r2,test_r2,model,simpl_model,size,simpl_size,runtime,coeff_mut,gom_coeff_mut_strat,ims,linear_scaling,data_standardization,quick_test
korns-7,6,75001.05313398934,75462.23739363861,1.0,1.0,-2005.830078+-187539735293332260970927762982359839525040575529023999235200122880.000000*(exp((((-268.241975-x0)+(x0/-77.908606))*cos((x0/x0))))),-2005.8300779999999576830305159091949462890625 - 187539735293332260970927762982359839525040575529023999235200122880.0*exp(-(1.01283555246772*x0 + 268.241975)*cos(1)),13,14,57.551297426223755,1.0_0.9_0.1_-1,within,False,True,False,False
