dataset,seed,train_rmse,test_rmse,train_r2,test_r2,model,simpl_model,size,simpl_size,runtime,coeff_mut,gom_coeff_mut_strat,ims,linear_scaling,data_standardization,quick_test
korns-7,6,954.9384646984195,953.915650542195,1.0,1.0,13.521973+-211917806153008730434485018080574969240883879823142487486716635037051608537675017119391515211348109770492014838809088800203334535993816354222998923789885516239863808.000000*(sqrt(exp(((x0/-10.584813)-(746.019797+x0))))),13.521973 - 213.809420045940366727046581808687392886677767885869049803958252820024199536419473588466644287109375*sqrt(exp(-1.09447498033267*x0)),9,10,30.76256012916565,0.5_0.9_0.1_5,afterfossize,False,True,False,False
