dataset,seed,train_rmse,test_rmse,train_r2,test_r2,model,simpl_model,size,simpl_size,runtime,coeff_mut,gom_coeff_mut_strat,ims,linear_scaling,data_standardization,quick_test
korns-7,6,4079787825.5169473,4150491805.6865706,0.9999999257396264,0.9999999231434128,1874330621.269531+-2.274150*(((exp((x0/-1.896571))+((52.410309-x0)*(-9225.199730*x0)))*(((6.264270+x0)-(-0.003535*-34.087840))-(x0*log(-395.047728))))),(-2.27415*(9225.19973*x0*(x0 - 52.410309)*exp(0.527267368318929*x0) + 1)*(x0 - x0*(5.97900658798147 + I*pi) + 6.1437694856) + 1874330621.269531*exp(0.527267368318929*x0))*exp(-0.527267368318929*x0),25,37,51.715861558914185,0.5_0.9_0.9_5,within,False,True,False,False
