dataset,seed,train_rmse,test_rmse,train_r2,test_r2,model,simpl_model,size,simpl_size,runtime,coeff_mut,gom_coeff_mut_strat,ims,linear_scaling,data_standardization,quick_test
korns-7,7,5087526.549349046,5104029.205638645,0.9999999999998845,0.9999999999998838,-1205349.366699+-1108913642358970563042836163899333220395245004844084367544960527788199670915864428861340876624626854369302866014754130009047799826441969965100957885565029651535963881472.000000*(sqrt((exp((-763.145528-x0))/exp((x0/10.583789))))),-213.7725198960845840122349825498473206658887036607253687701436783985542433583759702742099761962890625*sqrt(exp(-1.09448412095139*x0)) - 1205349.366699,10,10,114.07563376426697,0.5_0.9_0.9_5,within,False,True,False,False
