dataset,seed,train_rmse,test_rmse,train_r2,test_r2,model,simpl_model,size,simpl_size,runtime,coeff_mut,gom_coeff_mut_strat,ims,linear_scaling,data_standardization,quick_test
korns-7,2,5403325.3834773945,5428170.252302366,0.9999999999998698,0.9999999999998685,-645332.383789+4.275117*(((((-50.054478*x0)-cos(0.000000))/x0)*(exp((-0.547229*x0))+(sin(x1)-x0)))),213.988749823926*x0 - 213.988749823926*sin(x1) - 645328.108672 - 213.988749823926*exp(-0.547229*x0) - 4.275117*sin(x1)/x0 - 4.275117*exp(-0.547229*x0)/x0,18,31,33.20523238182068,1.0_0.9_0.9_5,afterfossize,False,True,False,False
