dataset,seed,train_rmse,test_rmse,train_r2,test_r2,model,simpl_model,size,simpl_size,runtime,coeff_mut,gom_coeff_mut_strat,ims,linear_scaling,data_standardization,quick_test
korns-7,1,105146578.7945764,105202945.84936008,0.9999999999506745,0.9999999999506215,24537173.978516+-2586938841092881884215490923080092771181989462016.000000*(exp((((196.212623+x0)*cos(58.697586))-((x0--266.556773)/(-238.221017-x0))))),24537173.978516 - 70.37062735543870452858347879294891719417691647518626589*exp(-(0.546452017894594*x0*(x0 + 238.221017) - x0 - 266.556773)/(x0 + 238.221017)),15,23,40.33601236343384,0.5_0.1_0.9_5,within,False,True,False,False
