dataset,seed,train_rmse,test_rmse,train_r2,test_r2,model,simpl_model,size,simpl_size,runtime,coeff_mut,gom_coeff_mut_strat,ims,linear_scaling,data_standardization,quick_test
korns-7,0,2993.4605981414247,2990.147292529409,1.0,1.0,-395.535156+-33157193191602044729741157394813739225104235295957789925167817197355008.000000*(sqrt(exp(((-314.029092-x0)+(x0/-10.584813))))),-213.80942884775553865640393553076266175070489419396791255009032672873559022264*sqrt(exp(-1.09447498033267*x0)) - 395.535156,9,10,79.04954218864441,0.5_0.1_0.9_5,within,False,True,False,False
