dataset,seed,train_rmse,test_rmse,train_r2,test_r2,model,simpl_model,size,simpl_size,runtime,coeff_mut,gom_coeff_mut_strat,ims,linear_scaling,data_standardization,quick_test
korns-7,0,14664280.592694722,14550324.677538903,0.9999999999990405,0.9999999999990554,-4387546.720703+-16882698135689753701375458055170913690229780268360096439861248.000000*((cos((sqrt(-57.889997)/(73.682428-x0)))/exp((sin(-27.695311)*(-247.827701-x0))))),-4387546.72070300020277500152587890625 - 214.54135094925687909878832002732053274047444497905055577763322460783*exp(-0.54720635285275*x0)*cosh(7.60854762750421/(x0 - 73.682428)),15,16,37.28051829338074,1.0_0.1_0.9_5,afterfossize,False,True,False,False
