dataset,seed,train_rmse,test_rmse,train_r2,test_r2,model,simpl_model,size,simpl_size,runtime,coeff_mut,gom_coeff_mut_strat,ims,linear_scaling,data_standardization,quick_test
korns-7,6,2759097535.442844,2757769343.994098,0.9999999660362152,0.9999999660689067,-658025134.356934+-3369195671200231024223729689151054696273126347665047552.000000*((exp(sqrt((-63.735063+x0)))/sqrt(exp((x0+256.984262))))),-658025134.356934 - 0.05297887998600893624585101261271578214411937020526776619528086*exp(7.98342426531373*sqrt(0.0156899507575602*x0 - 1))/sqrt(exp(x0)),11,18,167.85752773284912,1.0_0.1_0.1_5,within,False,True,False,False
