dataset,seed,train_rmse,test_rmse,train_r2,test_r2,model,simpl_model,size,simpl_size,runtime,coeff_mut,gom_coeff_mut_strat,ims,linear_scaling,data_standardization,quick_test
korns-7,5,5866371.978007767,5859829.65604102,0.9999999999998465,0.9999999999998468,1194696.706543+-1190132716090798896116455067141191813294470772734394387431103135744.000000*(sqrt((exp((-293.559150-x0))*exp((x0/-10.584908))))),1194696.706543 - 213.8138901921802156971858697342536419564223533159366539462345468969317608*sqrt(exp(-1.0944741324157*x0)),10,10,57.12320113182068,1.0_0.9_0.1_-1,within,False,True,False,False
