dataset,seed,train_rmse,test_rmse,train_r2,test_r2,model,simpl_model,size,simpl_size,runtime,coeff_mut,gom_coeff_mut_strat,ims,linear_scaling,data_standardization,quick_test
korns-7,8,1380471.1320935735,1382031.703714896,0.9999999999999915,0.9999999999999915,605091.384766+-213.808196*(((exp((x0/-1.827359))+(sqrt(x0)*(x0*x0)))+(((x0*-125.153712)-sqrt(0.001242))+log((x1+x2))))),-213.808196*x0**(5/2) + 26758.8893854236*x0 - 213.808196*log(x1 + x2) + 605098.919798799 - 213.808196*exp(-0.547237844342573*x0),23,22,33.912572145462036,1.0_0.9_0.1_5,afterfossize,False,True,False,False
