dataset,seed,train_rmse,test_rmse,train_r2,test_r2,model,simpl_model,size,simpl_size,runtime,coeff_mut,gom_coeff_mut_strat,ims,linear_scaling,data_standardization,quick_test
korns-7,7,7782560.766460327,7730827.822877459,0.9999999999997298,0.9999999999997333,1374726.616211+-213.816425*(((exp((x0*-0.547237))+(x0*(x0*x0)))+(((x3-159.295000)-x0)*(sqrt(x0)*x0)))),((x0**(3/2)*(213.816425*x0 - 213.816425*x3 + 34059.887420375) - 213.816425*x0**3 + 1374726.616211)*exp(0.547237*x0) - 213.816425)*exp(-0.547237*x0),21,31,32.70737361907959,1.0_0.9_0.9_5,afterfossize,False,True,False,False
