dataset,seed,train_rmse,test_rmse,train_r2,test_r2,model,simpl_model,size,simpl_size,runtime,coeff_mut,gom_coeff_mut_strat,ims,linear_scaling,data_standardization,quick_test
korns-7,2,614694.563471359,614374.7340823348,0.9999999999999983,0.9999999999999983,117000.403320+-287366535030211368639842351654621549168504826130977497477812511889276151209553524594638390841446363193699558056571676946870387830620812884692664086693039252399160557568.000000*(sqrt(exp(((x0/-10.584823)-(x0--760.444423))))),117000.40332 - 213.8099145412132085836570551060762790349202556730115825874873058953795634806738235056400299072265625*sqrt(exp(-1.09447489107754*x0)),9,10,35.62614178657532,0.5_0.1_0.1_-1,interleaved,False,True,False,False
