dataset,seed,train_rmse,test_rmse,train_r2,test_r2,model,simpl_model,size,simpl_size,runtime,coeff_mut,gom_coeff_mut_strat,ims,linear_scaling,data_standardization,quick_test
korns-7,1,708740.3582913341,707949.9910933214,0.9999999999999978,0.9999999999999978,144524.170410+-6335993168021648402273826470216413044626950717739088207402210480010649096173591686283264.000000*(exp((((-359.635598-x0)/log(70.404388))*exp(sin(77.533162))))),144524.17041 - 213.7935765292708664330567785380044346524582771611471161687934028350355220027267932891845703125*exp(-0.547237647795009*x0),11,8,142.0051589012146,0.5_0.9_0.9_5,afteronce,False,True,False,False
