gen,time,evals,best_fit,best_size,pop_size
1,0.8734,55949,5e-06,9,1024
2,1.752968,119046,5e-06,9,1024
3,2.66895,185548,5e-06,9,1024
4,3.673381,257108,0.0,13,1024
5,4.785412,340830,0.0,15,1024
6,5.887378,419338,0.0,15,1024
7,6.957201,493125,0.0,18,1024
8,8.045434,565696,0.0,13,1024
9,9.132572,634684,0.0,10,1024
10,10.230861,706290,0.0,12,1024
11,11.398265,783162,0.0,12,1024
12,12.555725,858827,0.0,16,1024
13,13.694998,932779,0.0,15,1024
14,14.787771,1004370,0.0,15,1024
