gen,time,evals,best_fit,best_size,pop_size
1,0.953349,56152,0.00013,13,1024
2,1.843137,120947,0.000128,13,1024
3,2.844883,191016,4.3e-05,13,1024
4,3.862171,269267,1e-05,10,1024
5,4.921906,342565,4e-06,17,1024
6,5.879984,409705,1e-06,14,1024
7,6.962639,480811,0.0,11,1024
8,8.046571,561461,0.0,14,1024
9,9.249917,638378,0.0,12,1024
10,10.411952,716249,0.0,11,1024
11,11.645317,795069,0.0,18,1024
12,12.785176,872553,0.0,13,1024
13,13.985466,948862,0.0,15,1024
14,15.100177,1022709,0.0,15,1024
