gen,time,evals,best_fit,best_size,pop_size
1,1.034736,70670,0.000247,14,1024
2,2.160599,149669,1.9e-05,6,1024
3,3.328721,235540,0.0,10,1024
4,4.557416,323466,0.0,6,1024
5,5.825623,418422,0.0,10,1024
6,7.116647,513815,0.0,6,1024
7,8.272664,599189,0.0,6,1024
8,9.399115,683745,0.0,6,1024
9,10.487952,764500,0.0,6,1024
10,11.525994,841078,0.0,6,1024
11,12.530734,903831,0.0,6,1024
12,13.540518,971521,0.0,6,1024
13,14.545912,1045339,0.0,6,1024
