gen,time,evals,best_fit,best_size,pop_size
1,0.836367,56264,0.000209,9,1024
2,1.700874,121573,0.000104,15,1024
3,2.653577,190871,1.7e-05,7,1024
4,3.697134,272558,1e-06,8,1024
5,4.595355,339162,0.0,19,1024
6,5.533052,410250,0.0,17,1024
7,6.530755,486917,0.0,10,1024
8,7.499121,561399,0.0,11,1024
9,8.480536,637415,0.0,13,1024
10,9.49518,714235,0.0,11,1024
11,10.549963,791603,0.0,11,1024
12,11.582322,869401,0.0,15,1024
13,12.61795,945008,0.0,23,1024
14,13.645355,1017833,0.0,14,1024
