gen,time,evals,best_fit,best_size,pop_size
1,1.036236,72209,2.9e-05,10,1024
2,2.147315,154941,1.1e-05,10,1024
3,3.289316,238756,0.0,10,1024
4,4.595429,334989,0.0,11,1024
5,5.854279,429698,0.0,10,1024
6,7.067788,521516,0.0,12,1024
7,8.26749,601733,0.0,13,1024
8,9.433162,680007,0.0,12,1024
9,10.603171,755814,0.0,10,1024
10,11.778049,832603,0.0,12,1024
11,12.983753,911690,0.0,11,1024
12,14.181867,989503,0.0,12,1024
13,15.388997,1066450,0.0,13,1024
