gen,time,evals,best_fit,best_size,pop_size
1,1.021894,70154,0.000264,7,1024
2,2.096525,152650,0.000225,11,1024
3,3.202542,234677,7.7e-05,14,1024
4,4.35249,313167,8e-06,16,1024
5,5.573839,410435,8e-06,16,1024
6,6.786175,502964,3e-06,16,1024
7,7.885296,571604,1e-06,15,1024
8,8.966619,638598,0.0,13,1024
9,10.050968,703498,0.0,13,1024
10,11.144329,768403,0.0,13,1024
11,12.233755,834642,0.0,13,1024
12,13.324572,902639,0.0,12,1024
13,14.487593,966914,0.0,10,1024
14,15.617389,1030990,0.0,10,1024
