gen,time,evals,best_fit,best_size,pop_size
1,1.033794,70144,5.9e-05,9,1024
2,2.081515,147114,3.9e-05,8,1024
3,3.186019,231688,1.2e-05,8,1024
4,4.439363,327261,0.0,8,1024
5,5.775967,422688,0.0,8,1024
6,7.01611,513779,0.0,8,1024
7,8.21532,594986,0.0,8,1024
8,9.39143,672862,0.0,11,1024
9,10.628001,755531,0.0,9,1024
10,11.844038,841807,0.0,10,1024
11,12.974092,921885,0.0,12,1024
12,14.132656,1001647,0.0,9,1024
