gen,time,evals,best_fit,best_size,pop_size
1,0.771271,52809,7e-06,8,1024
2,1.5715,113333,7e-06,8,1024
3,2.449992,182613,0.0,10,1024
4,3.487413,262943,0.0,10,1024
5,4.471466,338712,0.0,10,1024
6,5.530474,418887,0.0,8,1024
7,6.64723,507237,0.0,17,1024
8,7.756881,588636,0.0,15,1024
9,8.844453,668304,0.0,17,1024
10,9.91842,747723,0.0,14,1024
11,10.955546,825307,0.0,17,1024
12,11.991144,902793,0.0,17,1024
13,13.023135,979963,0.0,17,1024
14,14.037989,1056156,0.0,17,1024
