gen,time,evals,best_fit,best_size,pop_size
1,0.954759,65205,0.000176,9,1024
2,1.952209,145359,0.000118,18,1024
3,3.136463,238811,9.9e-05,18,1024
4,4.366138,335687,7.6e-05,11,1024
5,5.572396,420295,7.6e-05,11,1024
6,6.741157,499778,7.6e-05,11,1024
7,7.946366,588386,7.6e-05,11,1024
8,9.106386,671763,1.6e-05,18,1024
9,10.298286,754801,1.1e-05,18,1024
10,11.484686,838602,7e-06,15,1024
11,12.773153,927067,0.0,15,1024
12,14.075377,1013176,0.0,15,1024
