gen,time,evals,best_fit,best_size,pop_size
1,0.997249,69651,0.000181,14,1024
2,2.007332,143869,0.000135,10,1024
3,3.152793,226836,1e-06,10,1024
4,4.372249,321247,0.0,14,1024
5,5.587769,412806,0.0,10,1024
6,6.86964,504160,0.0,10,1024
7,8.045827,599626,0.0,10,1024
8,9.067827,667698,0.0,10,1024
9,10.104218,735035,0.0,10,1024
10,11.148775,802061,0.0,10,1024
11,12.157559,867066,0.0,10,1024
12,13.166191,931684,0.0,15,1024
13,14.203459,997568,0.0,15,1024
14,15.269295,1061924,0.0,14,1024
