gen,time,evals,best_fit,best_size,pop_size
1,0.913892,57035,0.000357,15,1024
2,1.859042,117848,3.3e-05,12,1024
3,2.791858,178882,2e-06,14,1024
4,3.763627,243000,0.0,8,1024
5,4.828791,319619,0.0,17,1024
6,6.054031,403350,0.0,10,1024
7,7.244479,483140,0.0,18,1024
8,8.400494,561552,0.0,16,1024
9,9.520395,641868,0.0,16,1024
10,10.709664,721881,0.0,12,1024
11,11.858037,799061,0.0,14,1024
12,12.963613,870182,0.0,15,1024
13,14.043276,939517,0.0,15,1024
14,15.15169,1008332,0.0,15,1024
