gen,time,evals,best_fit,best_size,pop_size
1,0.683552,59566,0.000618,6,1024
2,1.3601,126018,0.000129,8,1024
3,2.038015,190557,0.0,17,1024
4,2.730992,259389,0.0,15,1024
5,3.514212,338965,0.0,16,1024
6,4.255834,416727,0.0,11,1024
7,5.042725,497292,0.0,11,1024
8,6.018121,575261,0.0,11,1024
9,7.090232,651372,0.0,12,1024
10,8.070227,724723,0.0,8,1024
11,9.106949,797650,0.0,14,1024
12,10.116111,870212,0.0,17,1024
13,11.208921,944676,0.0,19,1024
14,12.25354,1014306,0.0,19,1024
