gen,time,evals,best_fit,best_size,pop_size
1,0.990426,74280,0.000584,12,1024
2,2.103589,158281,7.4e-05,13,1024
3,3.292185,242800,5.2e-05,13,1024
4,4.508915,330887,5.2e-05,13,1024
5,5.814505,425949,4.8e-05,13,1024
6,7.132743,521212,4.7e-05,13,1024
7,8.34488,605517,1.3e-05,12,1024
8,9.58673,694469,1.3e-05,12,1024
9,10.745171,785747,1.3e-05,12,1024
10,11.765738,855032,5e-06,16,1024
11,12.796287,926444,5e-06,15,1024
12,13.878551,997076,5e-06,15,1024
13,14.915242,1065901,5e-06,15,1024
