gen,time,evals,best_fit,best_size,pop_size
1,0.961659,70721,0.000556,10,1024
2,2.045572,150526,1.3e-05,9,1024
3,3.207969,238715,2e-06,19,1024
4,4.472054,333435,0.0,21,1024
5,5.785627,431065,0.0,22,1024
6,7.133089,523521,0.0,22,1024
7,8.306873,591967,0.0,22,1024
8,9.500906,661235,0.0,22,1024
9,10.623253,729545,0.0,22,1024
10,11.757168,794396,0.0,22,1024
11,12.885027,859697,0.0,19,1024
12,14.009003,925132,0.0,19,1024
13,15.109925,991597,0.0,21,1024
14,16.20724,1057506,0.0,17,1024
