gen,time,evals,best_fit,best_size,pop_size
1,1.017175,72822,0.000293,15,1024
2,2.174303,155557,0.0,12,1024
3,3.394834,240617,0.0,12,1024
4,4.725731,336291,0.0,12,1024
5,6.200018,434291,0.0,10,1024
6,7.63894,529874,0.0,18,1024
7,8.999322,616375,0.0,18,1024
8,10.360071,701577,0.0,21,1024
9,11.68432,786583,0.0,21,1024
10,13.012259,870347,0.0,23,1024
11,14.295303,952531,0.0,11,1024
12,15.592218,1035296,0.0,13,1024
