gen,time,evals,best_fit,best_size,pop_size
1,0.812506,57645,0.000171,8,1024
2,1.697411,124229,0.000148,14,1024
3,2.58654,189479,2.1e-05,11,1024
4,3.586438,261529,2e-06,12,1024
5,4.572725,335702,0.0,13,1024
6,5.636791,420459,0.0,17,1024
7,6.666984,499082,0.0,11,1024
8,7.699142,574073,0.0,11,1024
9,8.717458,647867,0.0,11,1024
10,9.722475,721028,0.0,10,1024
11,10.748582,792735,0.0,11,1024
12,11.761617,865823,0.0,16,1024
13,12.78272,936609,0.0,14,1024
14,13.775141,1003081,0.0,16,1024
