gen,time,evals,best_fit,best_size,pop_size
1,0.732857,69027,0.000469,12,1024
2,1.554253,151327,0.000157,6,1024
3,2.390056,235153,0.0,11,1024
4,3.318345,328283,0.0,9,1024
5,4.206221,416235,0.0,11,1024
6,5.120719,506852,0.0,9,1024
7,6.075477,596095,0.0,8,1024
8,7.040404,680031,0.0,15,1024
9,8.043267,765084,0.0,12,1024
10,9.037657,851528,0.0,13,1024
11,10.009199,935591,0.0,13,1024
12,10.993817,1019375,0.0,13,1024
