gen,time,evals,best_fit,best_size,pop_size
1,1.048416,69883,3e-06,13,1024
2,2.189259,148646,1e-06,15,1024
3,3.354837,231146,0.0,13,1024
4,4.647081,324857,0.0,8,1024
5,5.900748,420017,0.0,8,1024
6,7.140877,515819,0.0,15,1024
7,8.154684,582414,0.0,8,1024
8,9.192519,647053,0.0,8,1024
9,10.199294,710709,0.0,8,1024
10,11.246406,775602,0.0,8,1024
11,12.272427,840874,0.0,8,1024
12,13.288503,905880,0.0,8,1024
13,14.301579,971027,0.0,8,1024
14,15.342569,1035923,0.0,8,1024
