gen,time,evals,best_fit,best_size,pop_size
1,0.666872,56293,0.000159,16,1024
2,1.372982,121418,4e-06,13,1024
3,2.108552,187379,0.0,14,1024
4,2.91789,259605,0.0,15,1024
5,3.708116,331092,0.0,8,1024
6,4.599862,415077,0.0,13,1024
7,5.47256,504694,0.0,14,1024
8,6.336141,586291,0.0,18,1024
9,7.182403,669573,0.0,19,1024
10,8.033711,749395,0.0,17,1024
11,8.877182,830039,0.0,21,1024
12,9.727252,909107,0.0,18,1024
13,10.580473,989080,0.0,16,1024
14,11.42364,1067523,0.0,13,1024
