gen,time,evals,best_fit,best_size,pop_size
1,0.963638,72108,0.000315,7,1024
2,1.94489,148267,0.00011,7,1024
3,3.041622,230183,0.0,12,1024
4,4.182644,320060,0.0,12,1024
5,5.372652,415153,0.0,12,1024
6,6.430397,497904,0.0,10,1024
7,7.505659,585999,0.0,13,1024
8,8.613517,676245,0.0,9,1024
9,9.680324,761216,0.0,9,1024
10,10.752829,845249,0.0,9,1024
11,11.828043,928033,0.0,8,1024
12,12.897475,1008696,0.0,11,1024
