gen,time,evals,best_fit,best_size,pop_size
1,0.963688,67189,0.000152,6,1024
2,2.003409,148473,8.2e-05,7,1024
3,3.096878,233844,8.2e-05,7,1024
4,4.284962,327466,8.2e-05,7,1024
5,5.423703,415410,7.6e-05,7,1024
6,6.562452,503078,7.6e-05,7,1024
7,7.715179,588202,7.6e-05,7,1024
8,8.80641,661484,7.6e-05,7,1024
9,9.876026,724716,7.6e-05,7,1024
10,10.949108,794011,7.6e-05,7,1024
11,12.028843,872449,7.6e-05,7,1024
12,13.145271,949197,7.6e-05,7,1024
13,14.216869,1012138,7.6e-05,7,1024
