gen,time,evals,best_fit,best_size,pop_size
1,0.823302,55289,0.000128,14,1024
2,1.670942,117698,4.5e-05,16,1024
3,2.683547,192926,3.6e-05,16,1024
4,3.822486,277195,1e-06,16,1024
5,4.923496,360406,0.0,22,1024
6,5.966887,436522,0.0,19,1024
7,6.951182,506556,0.0,16,1024
8,7.961309,580959,0.0,15,1024
9,9.005281,661801,0.0,12,1024
10,10.009875,738472,0.0,12,1024
11,10.988883,812524,0.0,12,1024
12,11.930702,881398,0.0,17,1024
13,12.884052,946325,0.0,12,1024
14,13.821332,1009217,0.0,12,1024
