gen,time,evals,best_fit,best_size,pop_size
1,1.045221,71162,2.9e-05,9,1024
2,2.092776,149421,3e-06,9,1024
3,3.283445,237328,3e-06,11,1024
4,4.505084,332846,0.0,12,1024
5,5.754325,423034,0.0,12,1024
6,6.984153,515064,0.0,10,1024
7,8.140768,596585,0.0,10,1024
8,9.242086,677328,0.0,9,1024
9,10.399702,757372,0.0,9,1024
10,11.483594,833540,0.0,9,1024
11,12.596823,902588,0.0,9,1024
12,13.716999,973268,0.0,9,1024
13,14.88195,1059086,0.0,9,1024
