gen,time,evals,best_fit,best_size,pop_size
1,0.803446,56424,3.9e-05,18,1024
2,1.637631,120143,3.5e-05,18,1024
3,2.552354,189589,0.0,13,1024
4,3.548618,264646,0.0,16,1024
5,4.671473,345895,0.0,12,1024
6,5.646043,408837,0.0,8,1024
7,6.644974,478952,0.0,19,1024
8,7.781482,563527,0.0,18,1024
9,8.938923,645981,0.0,23,1024
10,10.117473,726462,0.0,20,1024
11,11.298041,803611,0.0,20,1024
12,12.485957,880024,0.0,19,1024
13,13.701159,955167,0.0,17,1024
14,14.868505,1029618,0.0,20,1024
