gen,time,evals,best_fit,best_size,pop_size
1,1.032862,74000,4.9e-05,16,1024
2,2.074767,151769,2.3e-05,21,1024
3,3.210861,239526,1.1e-05,23,1024
4,4.497792,335142,7e-06,10,1024
5,5.78152,430212,0.0,10,1024
6,7.096986,523854,0.0,16,1024
7,8.429247,612598,0.0,10,1024
8,9.665855,687247,0.0,16,1024
9,10.900283,759469,0.0,10,1024
10,12.183897,836052,0.0,16,1024
11,13.558204,918339,0.0,16,1024
12,14.929361,1002540,0.0,16,1024
