gen,time,evals,best_fit,best_size,pop_size
1,1.084488,73432,0.000401,11,1024
2,2.191846,150614,0.00026,8,1024
3,3.430914,241614,1.2e-05,9,1024
4,4.754201,338313,0.0,10,1024
5,6.053742,431706,0.0,12,1024
6,7.331521,507303,0.0,12,1024
7,8.554343,577045,0.0,9,1024
8,9.856637,660010,0.0,14,1024
9,11.150355,742430,0.0,10,1024
10,12.429437,821032,0.0,11,1024
11,13.715187,899537,0.0,11,1024
12,15.003004,978051,0.0,9,1024
13,16.301,1055796,0.0,10,1024
