gen,time,evals,best_fit,best_size,pop_size
1,0.940359,69294,0.000339,13,1024
2,1.918062,147830,2e-06,10,1024
3,2.98784,239084,0.0,10,1024
4,4.148011,337025,0.0,10,1024
5,5.287589,430738,0.0,10,1024
6,6.458226,524006,0.0,10,1024
7,7.550533,609446,0.0,10,1024
8,8.617833,689491,0.0,10,1024
9,9.65773,775190,0.0,10,1024
10,10.627938,845662,0.0,10,1024
11,11.610659,913917,0.0,16,1024
12,12.613967,987734,0.0,12,1024
13,13.626867,1062295,0.0,19,1024
