gen,time,evals,best_fit,best_size,pop_size
1,0.785575,55859,0.000185,7,1024
2,1.585849,118981,3e-06,11,1024
3,2.458007,188579,0.0,11,1024
4,3.369636,262585,0.0,11,1024
5,4.390103,347207,0.0,13,1024
6,5.346248,418418,0.0,12,1024
7,6.264172,487965,0.0,9,1024
8,7.200579,557972,0.0,8,1024
9,8.140006,629864,0.0,8,1024
10,9.111456,704560,0.0,18,1024
11,10.111913,781818,0.0,12,1024
12,11.087182,856381,0.0,12,1024
13,12.061376,930077,0.0,14,1024
14,13.023926,1000043,0.0,14,1024
