gen,time,evals,best_fit,best_size,pop_size
1,0.730549,69562,0.000633,14,1024
2,1.558099,151907,0.0,13,1024
3,2.410605,241453,0.0,10,1024
4,3.355507,338278,0.0,13,1024
5,4.266649,432813,0.0,10,1024
6,5.276446,528873,0.0,10,1024
7,6.229473,615750,0.0,10,1024
8,7.150088,686318,0.0,15,1024
9,8.131469,765264,0.0,12,1024
10,9.106877,851390,0.0,15,1024
11,10.008465,929140,0.0,10,1024
12,10.871167,997300,0.0,10,1024
13,11.745643,1070972,0.0,17,1024
