gen,time,evals,best_fit,best_size,pop_size
1,0.732524,72972,0.000596,7,1024
2,1.529713,154263,3.4e-05,11,1024
3,2.370185,241019,3.4e-05,11,1024
4,3.248274,326710,1e-05,11,1024
5,4.110088,416091,0.0,10,1024
6,4.904814,503856,0.0,12,1024
7,5.64291,577290,0.0,15,1024
8,6.363433,648648,0.0,15,1024
9,7.109428,721924,0.0,10,1024
10,7.889234,797151,0.0,14,1024
11,8.674188,870780,0.0,10,1024
12,9.466262,944327,0.0,14,1024
13,10.291912,1021169,0.0,14,1024
