gen,time,evals,best_fit,best_size,pop_size
1,0.883154,57388,0.000793,7,1024
2,1.719322,119460,6.1e-05,10,1024
3,2.572952,184885,3e-06,10,1024
4,3.485645,254030,0.0,13,1024
5,4.441316,330966,0.0,9,1024
6,5.473874,415266,0.0,9,1024
7,6.435402,495978,0.0,9,1024
8,7.38678,573447,0.0,9,1024
9,8.3316,650715,0.0,9,1024
10,9.286707,728765,0.0,9,1024
11,10.244463,806426,0.0,9,1024
12,11.202062,883821,0.0,9,1024
13,12.184599,963322,0.0,9,1024
14,13.164827,1043457,0.0,9,1024
