gen,time,evals,best_fit,best_size,pop_size
1,1.002245,70565,0.000263,19,1024
2,2.088186,149158,0.0001,14,1024
3,3.289736,238504,1.5e-05,12,1024
4,4.597242,335673,1e-06,14,1024
5,6.005055,434190,0.0,13,1024
6,7.360539,529310,0.0,13,1024
7,8.670377,622190,0.0,13,1024
8,9.92863,711562,0.0,12,1024
9,11.158197,795317,0.0,12,1024
10,12.41262,878066,0.0,18,1024
11,13.662254,960230,0.0,18,1024
12,14.892385,1041208,0.0,16,1024
