gen,time,evals,best_fit,best_size,pop_size
1,1.099399,71541,4e-05,8,1024
2,2.179895,154333,1e-05,14,1024
3,3.465488,246568,0.0,17,1024
4,4.69187,340292,0.0,18,1024
5,6.01147,432686,0.0,16,1024
6,7.238537,517761,0.0,15,1024
7,8.530656,595589,0.0,15,1024
8,9.656108,661300,0.0,20,1024
9,10.852759,725720,0.0,20,1024
10,12.06998,791957,0.0,10,1024
11,13.360018,867255,0.0,12,1024
12,14.575331,944527,0.0,22,1024
13,15.870862,1016791,0.0,22,1024
