gen,time,evals,best_fit,best_size,pop_size
1,0.99835,66681,0.00011,14,1024
2,2.05556,150443,0.00011,14,1024
3,3.231854,245008,8.8e-05,10,1024
4,4.414381,342515,4.2e-05,16,1024
5,5.650903,440146,3.4e-05,16,1024
6,6.881,537810,1e-06,10,1024
7,8.035995,627957,0.0,10,1024
8,9.218783,720854,0.0,10,1024
9,10.382534,812814,0.0,10,1024
10,11.485252,893746,0.0,10,1024
11,12.512405,967594,0.0,10,1024
12,13.555631,1037335,0.0,10,1024
