gen,time,evals,best_fit,best_size,pop_size
1,1.176007,70049,0.000438,14,1024
2,2.321306,151923,1.2e-05,12,1024
3,3.606298,238441,0.0,10,1024
4,4.890787,328836,0.0,13,1024
5,6.318394,419803,0.0,13,1024
6,7.609153,508591,0.0,15,1024
7,8.981,595363,0.0,11,1024
8,10.396191,691293,0.0,8,1024
9,11.872882,775347,0.0,8,1024
10,13.251886,859083,0.0,8,1024
11,14.699443,938152,0.0,12,1024
12,16.051906,1017630,0.0,8,1024
