gen,time,evals,best_fit,best_size,pop_size
1,0.997464,71542,2.2e-05,10,1024
2,2.056791,146047,5e-06,12,1024
3,3.209221,233802,0.0,12,1024
4,4.520438,331168,0.0,10,1024
5,5.856093,427697,0.0,12,1024
6,7.221598,520123,0.0,9,1024
7,8.565378,612353,0.0,9,1024
8,9.959973,697252,0.0,11,1024
9,11.284379,782474,0.0,10,1024
10,12.649404,868199,0.0,10,1024
11,13.930725,953066,0.0,16,1024
12,15.30284,1040124,0.0,14,1024
