gen,time,evals,best_fit,best_size,pop_size
1,0.962256,66952,8e-06,9,1024
2,1.96763,146304,0.0,9,1024
3,3.153235,239170,0.0,7,1024
4,4.327078,335112,0.0,11,1024
5,5.452413,425482,0.0,7,1024
6,6.490797,498289,0.0,7,1024
7,7.522112,563022,0.0,7,1024
8,8.516198,627522,0.0,7,1024
9,9.515361,693012,0.0,7,1024
10,10.516111,756436,0.0,7,1024
11,11.556437,820294,0.0,7,1024
12,12.541189,884089,0.0,7,1024
13,13.536543,947503,0.0,7,1024
14,14.53681,1010996,0.0,7,1024
