gen,time,evals,best_fit,best_size,pop_size
1,0.852615,56617,2e-06,11,1024
2,1.792181,124788,2e-06,14,1024
3,2.733727,192757,0.0,16,1024
4,3.83252,275084,0.0,16,1024
5,4.822178,348062,0.0,16,1024
6,5.812861,412708,0.0,19,1024
7,6.877834,489804,0.0,19,1024
8,8.031778,571993,0.0,19,1024
9,9.124905,649662,0.0,17,1024
10,10.271146,730889,0.0,19,1024
11,11.376355,809065,0.0,17,1024
12,12.509877,888026,0.0,14,1024
13,13.641597,963158,0.0,19,1024
14,14.783073,1037456,0.0,20,1024
