gen,time,evals,best_fit,best_size,pop_size
1,1.0252,70601,0.000403,14,1024
2,2.065604,145134,1.3e-05,7,1024
3,3.190485,230131,9e-06,22,1024
4,4.403584,319504,4e-06,15,1024
5,5.621407,415485,0.0,12,1024
6,6.88069,509122,0.0,10,1024
7,8.060183,596442,0.0,12,1024
8,9.19396,676960,0.0,12,1024
9,10.305952,757450,0.0,17,1024
10,11.419689,834464,0.0,8,1024
11,12.549977,914543,0.0,8,1024
12,13.711196,999944,0.0,15,1024
13,14.935738,1085441,0.0,8,1024
