gen,time,evals,best_fit,best_size,pop_size
1,1.056475,72799,4.7e-05,6,1024
2,2.230242,156925,1e-06,6,1024
3,3.371364,242579,1e-06,10,1024
4,4.588363,324711,0.0,10,1024
5,5.814178,417462,0.0,11,1024
6,7.038844,506159,0.0,19,1024
7,8.299917,600311,0.0,19,1024
8,9.570639,690397,0.0,19,1024
9,10.855058,779256,0.0,12,1024
10,12.152931,867035,0.0,12,1024
11,13.386949,951458,0.0,12,1024
12,14.628817,1032616,0.0,17,1024
