gen,time,evals,best_fit,best_size,pop_size
1,0.95328,67534,3.8e-05,14,1024
2,1.939158,144376,3.8e-05,14,1024
3,2.982968,232830,3.3e-05,14,1024
4,4.131583,329352,3.3e-05,14,1024
5,5.336417,428219,3.2e-05,14,1024
6,6.629889,524232,7e-06,18,1024
7,7.858031,616203,3e-06,18,1024
8,9.105995,709662,3e-06,18,1024
9,10.305999,794038,3e-06,18,1024
10,11.457897,872987,3e-06,18,1024
11,12.478334,950381,3e-06,18,1024
12,13.463517,1023611,3e-06,18,1024
