gen,time,evals,best_fit,best_size,pop_size
1,1.050473,70874,0.000294,10,1024
2,2.128679,150586,2e-06,8,1024
3,3.313029,242397,1e-06,12,1024
4,4.572959,338296,0.0,12,1024
5,5.77911,430795,0.0,10,1024
6,6.889691,508906,0.0,12,1024
7,8.036975,592181,0.0,12,1024
8,9.10056,671313,0.0,12,1024
9,10.183574,748276,0.0,12,1024
10,11.240751,813561,0.0,12,1024
11,12.311123,877735,0.0,12,1024
12,13.362692,945182,0.0,12,1024
13,14.449773,1017577,0.0,12,1024
