gen,time,evals,best_fit,best_size,pop_size
1,1.098505,70061,0.000178,8,1024
2,2.153449,151560,7e-06,6,1024
3,3.340248,239815,2e-06,6,1024
4,4.560715,336174,0.0,6,1024
5,5.847508,427938,0.0,6,1024
6,6.927803,508848,0.0,10,1024
7,8.055952,587377,0.0,10,1024
8,9.083248,650674,0.0,12,1024
9,10.160613,713523,0.0,10,1024
10,11.178932,776564,0.0,10,1024
11,12.264447,839963,0.0,6,1024
12,13.291699,903841,0.0,6,1024
13,14.402049,971130,0.0,12,1024
14,15.493617,1046188,0.0,18,1024
