gen,time,evals,best_fit,best_size,pop_size
1,0.954704,67533,8.5e-05,11,1024
2,2.002521,146997,8.5e-05,11,1024
3,3.111266,234150,7.7e-05,11,1024
4,4.32977,331292,7.7e-05,11,1024
5,5.450561,419388,7.6e-05,11,1024
6,6.664083,512895,7.6e-05,11,1024
7,7.937549,604906,7.6e-05,11,1024
8,9.173657,691955,7.6e-05,11,1024
9,10.418352,777162,7.6e-05,11,1024
10,11.59727,848268,7.6e-05,11,1024
11,12.778365,918657,7.6e-05,11,1024
12,13.92559,989045,7.6e-05,11,1024
13,15.082294,1058549,7.6e-05,11,1024
