gen,time,evals,best_fit,best_size,pop_size
1,0.667237,70554,0.0,14,1024
2,1.424811,150977,0.0,8,1024
3,2.232414,238448,0.0,8,1024
4,3.069976,325704,0.0,12,1024
5,3.937812,422124,0.0,8,1024
6,4.796471,510231,0.0,12,1024
7,5.619035,590155,0.0,12,1024
8,6.444744,672628,0.0,12,1024
9,7.290456,755890,0.0,12,1024
10,8.144116,840403,0.0,12,1024
11,8.988831,927275,0.0,12,1024
12,9.778667,1010320,0.0,10,1024
