gen,time,evals,best_fit,best_size,pop_size
1,0.803265,70845,0.0,8,1024
2,1.602086,153342,0.0,8,1024
3,2.516721,241025,0.0,8,1024
4,3.44083,334486,0.0,8,1024
5,4.382806,411312,0.0,8,1024
6,5.26437,491390,0.0,8,1024
7,6.222632,574509,0.0,8,1024
8,7.08823,651927,0.0,8,1024
9,7.978276,715811,0.0,8,1024
10,8.814922,779172,0.0,8,1024
11,9.713054,845973,0.0,8,1024
12,10.563265,921444,0.0,10,1024
13,11.456981,988780,0.0,14,1024
14,12.288173,1052034,0.0,10,1024
