dataset,seed,train_rmse,test_rmse,train_r2,test_r2,model,simpl_model,size,simpl_size,runtime,coeff_mut,gom_coeff_mut_strat,ims,linear_scaling,data_standardization,quick_test
keijzer-1,0,3.1712344907164594e-10,2.771744864372213e-10,1.0,1.0,-0.000000+355864392849128151103343427584.000000*((sin(((x0*1.769959)*3.549905))/(exp(exp(4.311745))/((x0*4.995000)/exp(-3.713778))))),0.300010341331947677695911417647487847*x0*sin(6.283186303895*x0),17,7,16.888545513153076,1.0_0.1_0.1_5,afteronce,False,True,False,False
