dataset,seed,train_rmse,test_rmse,train_r2,test_r2,model,simpl_model,size,simpl_size,runtime,coeff_mut,gom_coeff_mut_strat,ims,linear_scaling,data_standardization,quick_test
keijzer-1,6,9.143579374938141e-07,7.994814845599617e-07,0.9999999999291712,0.9999999999458505,-772621457.785715+438059614.449308*(((sin((x0*6.283194))*((x0*0.018272)*(-0.000130*-0.000288)))--1.763736)),0.299678194304153*x0*sin(6.283194*x0) + 54.3646496534348,14,9,13.671946048736572,0.5_0.9_0.9_5,afterfossize,False,True,False,False
