dataset,seed,train_rmse,test_rmse,train_r2,test_r2,model,simpl_model,size,simpl_size,runtime,coeff_mut,gom_coeff_mut_strat,ims,linear_scaling,data_standardization,quick_test
keijzer-1,8,3.3636026669615953e-07,3.063784188299907e-07,0.9999999999904151,0.9999999999920477,2525437831.049158+-426736648.634704*(((sin((x0*-6.283183))*(x0/exp(21.075651)))+5.918024)),0.299999831197098*x0*sin(6.283183*x0) + 102.7494124174118,11,9,15.953977346420288,0.5_0.1_0.9_5,interleaved,False,True,False,False
