gen,time,evals,best_fit,best_size,pop_size
1,0.978246,56387,0.286704,9,1024
2,1.965149,131671,0.281097,26,1024
3,3.086365,209255,0.264993,27,1024
4,4.331242,308103,0.217972,18,1024
5,5.663049,406691,0.217972,18,1024
6,6.990631,509859,0.198968,19,1024
7,8.346043,609907,0.160923,18,1024
8,9.607833,707530,0.160923,18,1024
9,10.948007,807337,0.159353,18,1024
10,12.235266,901986,0.152597,19,1024
11,13.643152,992013,0.122679,20,1024
12,14.920145,1069774,0.094526,20,1024
