gen,time,evals,best_fit,best_size,pop_size
1,0.806878,56021,0.390054,8,1024
2,1.689813,134768,0.276325,21,1024
3,2.693665,224464,0.276325,21,1024
4,3.784025,321987,0.266523,19,1024
5,4.921485,414038,0.200868,13,1024
6,6.179128,515643,0.174466,18,1024
7,7.325258,606874,0.16591,18,1024
8,8.468307,699754,0.16591,18,1024
9,9.59087,790784,0.165597,18,1024
10,10.684062,880855,0.151971,16,1024
11,11.729084,971261,0.149706,16,1024
12,12.719285,1055476,0.149706,16,1024
