gen,time,evals,best_fit,best_size,pop_size
1,0.942911,58539,0.378086,30,1024
2,1.938315,136113,0.274597,27,1024
3,2.977881,219801,0.238205,24,1024
4,4.202492,319738,0.221538,16,1024
5,5.419856,419484,0.198643,23,1024
6,6.746706,517985,0.174214,28,1024
7,8.00437,608428,0.172812,18,1024
8,9.061232,684736,0.149106,19,1024
9,10.173718,766729,0.149106,19,1024
10,11.301281,854204,0.148669,19,1024
11,12.56163,945981,0.148654,19,1024
12,13.814283,1034898,0.148654,19,1024
