gen,time,evals,best_fit,best_size,pop_size
1,0.688018,54281,0.305628,16,1024
2,1.352097,131210,0.305622,16,1024
3,2.182285,218787,0.277472,20,1024
4,3.016328,316598,0.263402,17,1024
5,3.971612,417451,0.260334,15,1024
6,4.86324,517436,0.246893,19,1024
7,5.806712,616928,0.213949,18,1024
8,6.647809,707964,0.153637,17,1024
9,7.540182,798817,0.139886,19,1024
10,8.328153,881024,0.103546,21,1024
11,9.171738,964058,0.103546,21,1024
12,9.961711,1050665,0.062217,21,1024
