gen,time,evals,best_fit,best_size,pop_size
1,1.035051,57614,0.313765,13,1024
2,2.011186,131795,0.295221,19,1024
3,3.106121,207256,0.239534,16,1024
4,4.283527,303537,0.216524,16,1024
5,5.603149,397355,0.207577,16,1024
6,6.784841,480430,0.181097,23,1024
7,8.124808,572194,0.180071,23,1024
8,9.420274,665070,0.18,23,1024
9,10.918105,764480,0.167279,19,1024
10,12.299156,864233,0.167279,19,1024
11,13.705222,958469,0.163687,19,1024
12,15.142834,1051645,0.14431,21,1024
