gen,time,evals,best_fit,best_size,pop_size
1,0.886043,57006,0.29549,16,1024
2,1.843856,137228,0.273171,12,1024
3,2.941317,223702,0.265564,18,1024
4,4.188422,325133,0.237482,18,1024
5,5.410684,420045,0.197604,11,1024
6,6.595332,506809,0.132615,16,1024
7,7.845993,599820,0.126506,16,1024
8,8.952374,668846,0.124845,16,1024
9,10.073978,737785,0.124845,16,1024
10,11.161424,807053,0.124,16,1024
11,12.295875,877543,0.124,16,1024
12,13.411676,947929,0.124,16,1024
13,14.529448,1016499,0.123855,16,1024
