gen,time,evals,best_fit,best_size,pop_size
1,0.955665,58283,0.351776,17,1024
2,1.906386,136479,0.327593,19,1024
3,3.064488,226584,0.281235,15,1024
4,4.265819,327438,0.251954,13,1024
5,5.502109,425054,0.241709,22,1024
6,6.650434,520294,0.235631,17,1024
7,8.034387,620697,0.211805,23,1024
8,9.289942,717204,0.190224,14,1024
9,10.643948,813135,0.1865,20,1024
10,11.908714,905653,0.172499,18,1024
11,13.242011,996470,0.156785,19,1024
12,14.521276,1085267,0.154451,19,1024
