gen,time,evals,best_fit,best_size,pop_size
1,0.839527,54836,0.286083,17,1024
2,1.693943,129584,0.286083,18,1024
3,2.709461,214106,0.243111,20,1024
4,3.736521,310342,0.243111,21,1024
5,4.884321,406250,0.219711,19,1024
6,6.061424,506949,0.187395,18,1024
7,7.32326,606937,0.177762,18,1024
8,8.412546,688357,0.177467,18,1024
9,9.569213,768550,0.177409,18,1024
10,10.672826,849641,0.177402,18,1024
11,11.785609,922800,0.1774,18,1024
12,12.834903,993516,0.1774,18,1024
13,13.926657,1063135,0.1774,18,1024
