gen,time,evals,best_fit,best_size,pop_size
1,0.84378,56322,0.311354,15,1024
2,1.816105,133940,0.298182,19,1024
3,2.856988,216213,0.246434,12,1024
4,4.117975,316654,0.235071,13,1024
5,5.255645,413367,0.176251,19,1024
6,6.431847,506718,0.167411,19,1024
7,7.569363,597538,0.163922,19,1024
8,8.761353,679608,0.147951,19,1024
9,9.916599,756725,0.131685,19,1024
10,11.107785,836534,0.093589,15,1024
11,12.33858,921212,0.093589,15,1024
12,13.641595,1008736,0.093589,15,1024
