gen,time,evals,best_fit,best_size,pop_size
1,0.784054,54335,0.365715,19,1024
2,1.669812,135139,0.303144,20,1024
3,2.724896,227491,0.3024,23,1024
4,3.805682,326589,0.256564,20,1024
5,4.849117,422026,0.215378,20,1024
6,5.896168,518587,0.1621,22,1024
7,6.944708,615207,0.160868,22,1024
8,8.024989,712411,0.160786,22,1024
9,9.097587,808284,0.160725,22,1024
10,10.164696,901839,0.158474,18,1024
11,11.20595,992919,0.155835,18,1024
12,12.242291,1081840,0.155835,18,1024
