gen,time,evals,best_fit,best_size,pop_size
1,0.892302,54661,0.302602,12,1024
2,1.801538,133828,0.2672,17,1024
3,2.941617,224385,0.231258,18,1024
4,4.143493,325772,0.181424,18,1024
5,5.479477,425570,0.181423,18,1024
6,6.673781,517092,0.166686,21,1024
7,8.019804,611284,0.162991,21,1024
8,9.31655,700774,0.162257,21,1024
9,10.679195,787987,0.162257,21,1024
10,11.948207,874529,0.162071,21,1024
11,13.255135,960004,0.147168,18,1024
12,14.516723,1041738,0.145902,18,1024
