gen,time,evals,best_fit,best_size,pop_size
1,0.875862,56003,0.351998,21,1024
2,1.811676,132896,0.239702,21,1024
3,2.842332,211898,0.23628,21,1024
4,4.050479,309800,0.234361,21,1024
5,5.231008,409601,0.233698,21,1024
6,6.474221,512576,0.203486,17,1024
7,7.81381,615895,0.188039,21,1024
8,9.00571,704694,0.183446,21,1024
9,10.198514,793103,0.175727,21,1024
10,11.401296,884815,0.165305,19,1024
11,12.617373,977432,0.158857,19,1024
12,13.795376,1069227,0.13665,19,1024
