gen,time,evals,best_fit,best_size,pop_size
1,0.786558,53951,0.354227,21,1024
2,1.632875,130704,0.353281,19,1024
3,2.541309,204611,0.272034,20,1024
4,3.637981,303704,0.23644,19,1024
5,4.790968,403649,0.22245,19,1024
6,5.91133,501916,0.188003,19,1024
7,7.090013,600793,0.182882,19,1024
8,8.320987,702071,0.176701,18,1024
9,9.579735,802168,0.168996,19,1024
10,10.801885,901748,0.136991,18,1024
11,11.906943,983751,0.136991,18,1024
12,12.991954,1063113,0.136991,18,1024
