gen,time,evals,best_fit,best_size,pop_size
1,0.937,58802,0.355329,15,1024
2,1.899755,135831,0.326135,12,1024
3,2.952945,210010,0.249377,25,1024
4,4.209756,307734,0.2485,25,1024
5,5.390362,402307,0.187766,19,1024
6,6.602784,503474,0.178576,18,1024
7,7.789913,599861,0.178383,18,1024
8,8.954894,692623,0.171313,25,1024
9,10.222007,785755,0.147922,16,1024
10,11.443999,876915,0.136922,16,1024
11,12.644375,962694,0.131601,16,1024
12,13.756839,1036446,0.131506,16,1024
