gen,time,evals,best_fit,best_size,pop_size
1,0.795168,54113,0.34535,15,1024
2,1.730015,133248,0.330493,16,1024
3,2.798678,225334,0.276378,15,1024
4,3.944158,325248,0.252358,18,1024
5,5.024373,417019,0.224453,16,1024
6,6.284159,517877,0.19559,20,1024
7,7.374113,610541,0.142484,16,1024
8,8.394624,692335,0.122767,16,1024
9,9.4328,773070,0.12256,16,1024
10,10.432214,851929,0.122327,16,1024
11,11.431758,927452,0.122317,16,1024
12,12.449954,1001674,0.122316,16,1024
