gen,time,evals,best_fit,best_size,pop_size
1,0.996033,54166,0.329641,12,1024
2,1.978244,126489,0.329641,12,1024
3,3.073154,194663,0.283737,14,1024
4,4.255384,281465,0.272373,24,1024
5,5.628346,378272,0.266295,15,1024
6,6.997846,477431,0.253979,17,1024
7,8.43141,575822,0.219775,17,1024
8,9.785759,672340,0.210363,19,1024
9,11.199672,767559,0.192223,18,1024
10,12.527784,859602,0.174818,18,1024
11,13.859651,945235,0.172043,18,1024
12,15.117996,1027946,0.168805,18,1024
