gen,time,evals,best_fit,best_size,pop_size
1,0.935394,58479,0.313454,15,1024
2,1.905861,138580,0.259949,15,1024
3,2.946399,221345,0.253112,15,1024
4,4.103546,311476,0.206674,18,1024
5,5.327014,410638,0.118784,18,1024
6,6.477314,499257,0.118228,18,1024
7,7.597332,584293,0.068663,18,1024
8,8.765613,672569,0.067449,18,1024
9,9.886477,760131,0.067329,18,1024
10,10.984622,847532,0.067318,18,1024
11,12.084939,931297,0.067314,18,1024
12,13.143117,1011950,0.067313,18,1024
