gen,time,evals,best_fit,best_size,pop_size
1,0.886057,56840,0.320571,17,1024
2,1.805224,133288,0.288359,24,1024
3,2.830571,214967,0.256845,16,1024
4,3.963439,311640,0.235232,21,1024
5,5.113478,408325,0.229082,18,1024
6,6.310321,508943,0.196164,20,1024
7,7.455044,607043,0.19606,20,1024
8,8.597854,701017,0.195164,20,1024
9,9.746081,794977,0.189816,18,1024
10,10.889057,882738,0.186245,18,1024
11,11.933768,962063,0.185998,18,1024
12,12.984928,1043772,0.179974,21,1024
