gen,time,evals,best_fit,best_size,pop_size
1,0.883018,55329,0.327174,13,1024
2,1.817958,135152,0.305664,17,1024
3,2.940205,222530,0.276897,11,1024
4,4.083084,323800,0.228413,20,1024
5,5.265362,422748,0.180047,22,1024
6,6.347416,512295,0.170708,22,1024
7,7.445803,596633,0.168068,22,1024
8,8.52404,691284,0.150158,22,1024
9,9.688923,788311,0.124201,20,1024
10,10.892249,889460,0.103391,25,1024
11,12.083004,988263,0.103002,25,1024
12,13.232175,1086845,0.102931,25,1024
