gen,time,evals,best_fit,best_size,pop_size
1,0.84218,56374,0.383757,18,1024
2,1.774509,128063,0.282054,20,1024
3,2.842612,217190,0.181683,18,1024
4,4.072337,317797,0.181422,18,1024
5,5.236348,419114,0.17892,19,1024
6,6.493309,520821,0.161282,21,1024
7,7.765796,624494,0.158747,21,1024
8,8.960505,721743,0.156833,21,1024
9,10.067118,811241,0.141301,21,1024
10,11.193059,899843,0.13423,19,1024
11,12.277998,989573,0.127053,19,1024
12,13.383565,1079229,0.125105,19,1024
