gen,time,evals,best_fit,best_size,pop_size
1,0.877692,55045,0.346149,14,1024
2,1.789738,130681,0.317921,14,1024
3,2.888582,221301,0.269301,14,1024
4,4.045443,321916,0.263743,18,1024
5,5.283282,423455,0.252527,13,1024
6,6.444509,523001,0.213793,19,1024
7,7.669879,623450,0.211806,19,1024
8,8.795631,713586,0.211806,19,1024
9,9.976811,802026,0.211806,19,1024
10,11.066821,881856,0.211066,17,1024
11,12.248396,962702,0.211066,17,1024
12,13.343541,1045156,0.209758,16,1024
