gen,time,evals,best_fit,best_size,pop_size
1,0.884689,57276,0.332344,13,1024
2,1.73562,130204,0.307996,18,1024
3,2.675569,198739,0.254944,22,1024
4,3.763691,296765,0.250593,21,1024
5,4.937551,395820,0.216541,23,1024
6,6.047964,493296,0.216152,23,1024
7,7.333862,591935,0.214918,17,1024
8,8.652191,690614,0.207252,22,1024
9,10.0181,786741,0.1734,26,1024
10,11.249027,880896,0.172035,26,1024
11,12.581712,972825,0.171212,26,1024
12,13.982466,1060509,0.170607,26,1024
