gen,time,evals,best_fit,best_size,pop_size
1,0.918121,59500,0.364186,17,1024
2,1.884131,137073,0.323697,13,1024
3,2.958016,219217,0.303123,17,1024
4,4.182591,317748,0.263753,18,1024
5,5.46032,419999,0.129255,16,1024
6,6.75491,521625,0.123922,16,1024
7,8.055162,622177,0.12391,16,1024
8,9.377694,721776,0.123909,16,1024
9,10.53145,805747,0.123909,16,1024
10,11.543663,871925,0.123909,16,1024
11,12.573837,937162,0.123909,16,1024
12,13.622656,1002148,0.123909,16,1024
