gen,time,evals,best_fit,best_size,pop_size
1,0.822301,57603,0.332012,17,1024
2,1.72095,130913,0.297478,20,1024
3,2.747842,214993,0.297478,20,1024
4,3.875884,313145,0.259075,21,1024
5,4.897804,399749,0.220694,20,1024
6,5.927874,482042,0.220694,20,1024
7,7.051182,571764,0.218653,21,1024
8,8.182145,665620,0.201284,18,1024
9,9.37112,761180,0.175535,18,1024
10,10.554404,850054,0.175535,18,1024
11,11.695871,930251,0.170746,18,1024
12,12.809051,1003872,0.167009,18,1024
