gen,time,evals,best_fit,best_size,pop_size
1,0.821723,55469,0.327818,9,1024
2,1.709459,131479,0.318164,13,1024
3,2.73831,217109,0.291875,9,1024
4,3.873742,317145,0.275565,15,1024
5,5.002044,418316,0.211523,10,1024
6,6.149984,516357,0.190532,10,1024
7,7.356994,613351,0.188915,10,1024
8,8.552045,707686,0.153973,9,1024
9,9.760221,802410,0.153973,9,1024
10,11.004624,897811,0.077048,19,1024
11,12.240753,990044,0.077048,19,1024
12,13.424977,1074315,0.077048,19,1024
