gen,time,evals,best_fit,best_size,pop_size
1,0.961441,57187,0.250418,21,1024
2,1.895299,133390,0.236157,21,1024
3,2.981705,207982,0.21971,21,1024
4,4.1477,301692,0.207676,19,1024
5,5.411709,396695,0.201437,19,1024
6,6.574952,490413,0.19821,20,1024
7,7.832031,587571,0.1919,18,1024
8,9.01317,683071,0.191762,18,1024
9,10.283675,775965,0.176978,22,1024
10,11.503023,873307,0.173611,22,1024
11,12.861882,970562,0.168622,22,1024
12,14.060164,1048754,0.168014,20,1024
