gen,time,evals,best_fit,best_size,pop_size
1,0.917244,58096,0.321203,20,1024
2,1.846199,129591,0.301674,19,1024
3,2.927949,209528,0.281577,17,1024
4,4.069192,307630,0.188837,24,1024
5,5.321774,407259,0.187591,24,1024
6,6.561861,508813,0.184949,24,1024
7,8.062848,611839,0.183711,24,1024
8,9.421911,712151,0.183669,18,1024
9,10.7689,804189,0.138302,18,1024
10,11.972918,887853,0.138302,18,1024
11,13.267409,968410,0.138302,18,1024
12,14.459495,1047640,0.138302,18,1024
