gen,time,evals,best_fit,best_size,pop_size
1,0.943368,58466,0.293013,21,1024
2,1.948058,137592,0.290716,21,1024
3,3.086485,226550,0.285713,17,1024
4,4.31814,321436,0.071728,17,1024
5,5.495803,418145,0.003514,17,1024
6,6.826041,518740,0.00016,19,1024
7,8.149438,610125,0.000123,12,1024
8,9.381608,688428,3.4e-05,18,1024
9,10.606256,766378,1.1e-05,17,1024
10,11.820164,844722,3e-06,16,1024
11,13.030279,922477,1e-06,12,1024
12,14.25078,1002034,1e-06,17,1024
