gen,time,evals,best_fit,best_size,pop_size
1,0.917138,54604,0.335075,18,1024
2,1.767891,124983,0.313699,13,1024
3,2.710624,194232,0.253353,16,1024
4,3.739358,289062,0.253353,16,1024
5,4.864224,383953,0.221603,19,1024
6,5.831719,469307,0.221603,19,1024
7,6.924363,557905,0.201216,18,1024
8,8.084027,655425,0.197765,20,1024
9,9.286901,753484,0.159095,19,1024
10,10.377432,846596,0.159095,19,1024
11,11.558308,939617,0.145034,19,1024
12,12.632254,1034638,0.134264,19,1024
