gen,time,evals,best_fit,best_size,pop_size
1,0.820061,55607,0.340075,15,1024
2,1.695386,126979,0.281635,14,1024
3,2.704179,206359,0.264136,24,1024
4,3.827325,302617,0.264079,24,1024
5,4.944319,395126,0.251555,18,1024
6,6.10732,491606,0.23177,16,1024
7,7.268645,587580,0.209736,17,1024
8,8.491113,681810,0.177234,18,1024
9,9.804735,780431,0.177234,18,1024
10,11.098867,877315,0.15117,18,1024
11,12.413111,973845,0.147621,18,1024
12,13.720125,1069961,0.147595,18,1024
