gen,time,evals,best_fit,best_size,pop_size
1,0.898304,57082,0.33954,15,1024
2,1.792286,134772,0.179847,14,1024
3,2.795398,218267,0.179847,14,1024
4,3.860972,316187,0.179847,14,1024
5,5.013254,413247,0.174649,16,1024
6,6.179745,511315,0.17365,18,1024
7,7.377024,607806,0.17365,18,1024
8,8.562585,708190,0.158702,20,1024
9,9.837494,805517,0.158217,18,1024
10,11.093958,904933,0.147551,18,1024
11,12.372141,1002385,0.14285,18,1024
