dataset,seed,train_rmse,test_rmse,train_r2,test_r2,model,simpl_model,size,simpl_size,runtime,coeff_mut,gom_coeff_mut_strat,ims,linear_scaling,data_standardization,quick_test
keijzer-11,5,0.38157542986379245,5068.553976740882,0.9866023888502665,-2363929.565280326,0.141010+-0.040483*((((sqrt(16.876563)/(-0.176471+x1))-((x0--27.382780)*(x0*x1)))+(((0.754230-x1)/(x1-x0))+((1.684159/x0)+(x1/x0))))),0.040483*x0*x1*(x0 + 27.38278) + 0.14101 - 0.166308593616884/(x1 - 0.176471) - 0.040483*(x1 - 0.75423)/(x0 - x1) - 0.040483*x1/x0 - 0.068179808797/x0,30,39,17.984817266464233,1.0_0.9_0.1_5,within,False,True,False,False
