dataset,seed,train_rmse,test_rmse,train_r2,test_r2,model,simpl_model,size,simpl_size,runtime,coeff_mut,gom_coeff_mut_strat,ims,linear_scaling,data_standardization,quick_test
keijzer-11,8,0.4440820801676223,0.759432052706857,0.9818534921156811,0.9469305715183813,-0.197255+1.759639*((((x1*(0.605437*x0))-exp((x1/-4.674746)))+sqrt(((1.392328-x1)+cos(x0))))),1.065350557243*x0*x1 + 2.0763203354043*sqrt(-0.71822156848099*x1 + 0.71822156848099*cos(x0) + 1) - 0.197255 - 1.759639*exp(-0.213915365669065*x1),18,25,13.906243562698364,0.5_0.9_0.1_-1,interleaved,False,True,False,False
