dataset,seed,train_rmse,test_rmse,train_r2,test_r2,model,simpl_model,size,simpl_size,runtime,coeff_mut,gom_coeff_mut_strat,ims,linear_scaling,data_standardization,quick_test
keijzer-11,7,0.344352949931837,0.7810156412622573,0.9890887582038621,0.9438711650937042,0.222867+-0.066122*(((((-1.967724/9.926090)+(2.960214*x1))+sin((-3.272408*x1)))*(sin((17.546456/x0))+((-0.925307+1.437024)+(-5.271000*x0))))),0.066122*(-5.271*x0 + sin(17.546456/x0) + 0.511717)*(-2.960214*x1 + sin(3.272408*x1) + 0.19823757390876) + 0.222867,25,24,68.84828472137451,1.0_0.9_0.1_5,afteronce,False,True,False,False
