dataset,seed,train_rmse,test_rmse,train_r2,test_r2,model,simpl_model,size,simpl_size,runtime,coeff_mut,gom_coeff_mut_strat,ims,linear_scaling,data_standardization,quick_test
keijzer-11,8,0.33203816089984367,2.1303239737118003,0.9898552216228534,0.5824025154780166,0.261757+0.669628*((cos((exp(x1)-(x0/-2.072694)))-((cos(1.443068)/(x0+2.431870))+((x1*x0)/cos(14.898440))))),((x0 + 2.43187)*(0.970695322587263*x0*x1 + 0.669628*cos(0.482463885165876*x0 + exp(x1)) + 0.261757) - 0.0852980888283618)/(x0 + 2.43187),21,27,16.02478528022766,0.5_0.1_0.9_5,interleaved,False,True,False,False
