gen,time,evals,best_fit,best_size,pop_size
1,1.015412,67349,0.002525,18,1024
2,2.098814,151498,0.000275,18,1024
3,3.235031,238407,0.000275,18,1024
4,4.504618,329197,0.000257,16,1024
5,5.776588,420299,0.000257,16,1024
6,7.087025,516816,0.000257,16,1024
7,8.398202,609272,0.000257,19,1024
8,9.76147,704813,0.000241,19,1024
9,11.049957,797685,0.000241,16,1024
10,12.379843,888018,0.000241,20,1024
11,13.786115,972370,0.00024,22,1024
12,15.136267,1045723,0.000238,22,1024
