gen,time,evals,best_fit,best_size,pop_size
1,1.016178,67091,0.001878,14,1024
2,2.112443,153297,0.001378,13,1024
3,3.343704,247685,0.000915,19,1024
4,4.62129,343156,0.00066,18,1024
5,5.890975,438994,0.000379,15,1024
6,7.075934,518150,0.000379,15,1024
7,8.268,597051,0.000373,15,1024
8,9.474531,677755,0.00035,15,1024
9,10.728347,762478,0.000292,14,1024
10,11.98103,848580,0.000276,14,1024
11,13.26543,934225,0.00017,19,1024
12,14.517431,1012764,0.000144,19,1024
