gen,time,evals,best_fit,best_size,pop_size
1,0.855196,52113,0.001591,17,1024
2,1.779174,126051,0.000674,17,1024
3,2.727192,197927,0.000608,19,1024
4,3.7121,272374,0.00057,21,1024
5,4.783631,351216,0.000342,18,1024
6,5.804378,430972,0.000156,19,1024
7,6.819224,506316,0.000151,19,1024
8,7.821724,581046,0.000147,19,1024
9,8.966024,668243,5.6e-05,21,1024
10,10.083796,754331,5.5e-05,21,1024
11,11.194722,840646,5.1e-05,21,1024
12,12.355993,927499,4.4e-05,21,1024
13,13.508966,1013762,3.7e-05,21,1024
