gen,time,evals,best_fit,best_size,pop_size
1,0.917831,63853,0.001415,14,1024
2,1.933519,151504,5.8e-05,13,1024
3,3.017511,237034,5.8e-05,13,1024
4,4.04563,311027,5.8e-05,13,1024
5,5.19276,402023,5.8e-05,13,1024
6,6.299353,493511,4.7e-05,13,1024
7,7.419026,587944,4.7e-05,13,1024
8,8.5198,675264,2.9e-05,13,1024
9,9.600151,752108,2.9e-05,13,1024
10,10.656598,827249,2.9e-05,13,1024
11,11.720612,902688,2.2e-05,13,1024
12,12.794694,979619,1e-05,13,1024
13,13.891554,1056729,1e-05,13,1024
