gen,time,evals,best_fit,best_size,pop_size
1,0.814708,52857,0.001156,19,1024
2,1.708317,129185,0.000698,22,1024
3,2.637613,207437,0.000698,22,1024
4,3.580139,284903,0.000576,24,1024
5,4.556685,363731,0.000475,24,1024
6,5.593057,446900,0.000429,24,1024
7,6.646132,532191,0.000205,24,1024
8,7.71456,619106,0.000103,24,1024
9,8.759787,704567,9e-05,24,1024
10,9.784737,785746,9e-05,24,1024
11,10.804424,867094,9e-05,24,1024
12,11.783852,946805,9e-05,24,1024
13,12.747776,1023810,8.2e-05,22,1024
