gen,time,evals,best_fit,best_size,pop_size
1,0.928369,60763,0.001515,21,1024
2,2.069748,156126,0.001045,14,1024
3,3.306943,255039,0.000802,18,1024
4,4.681322,357643,0.000776,18,1024
5,6.058635,460039,0.000518,17,1024
6,7.411367,558586,0.00044,17,1024
7,8.806745,657187,0.000423,20,1024
8,10.107182,747557,0.000423,20,1024
9,11.388834,833834,0.000423,20,1024
10,12.678681,918304,0.000423,17,1024
11,14.026117,1010808,0.000419,23,1024
