gen,time,evals,best_fit,best_size,pop_size
1,1.028656,65714,0.000843,20,1024
2,2.198412,156978,0.000759,20,1024
3,3.426227,249142,0.000288,21,1024
4,4.731227,348290,0.000178,20,1024
5,6.06313,447013,0.000147,19,1024
6,7.428709,545628,0.000121,20,1024
7,8.808503,643066,8.7e-05,19,1024
8,10.172515,738053,4.7e-05,15,1024
9,11.543939,832992,4.7e-05,15,1024
10,12.921236,926119,4e-05,15,1024
11,14.286707,1018230,3.9e-05,15,1024
