gen,time,evals,best_fit,best_size,pop_size
1,0.946172,64514,0.002096,16,1024
2,2.03677,149516,0.001352,13,1024
3,3.213538,244051,0.000836,18,1024
4,4.395444,337747,0.00062,19,1024
5,5.565142,428042,0.000502,17,1024
6,6.829919,525128,0.000502,18,1024
7,8.049319,623474,0.00042,19,1024
8,9.228801,716056,0.000111,24,1024
9,10.390959,804774,4.4e-05,24,1024
10,11.559946,886473,4.4e-05,24,1024
11,12.743666,974102,4e-05,24,1024
12,13.932469,1061869,4e-05,24,1024
