gen,time,evals,best_fit,best_size,pop_size
1,0.959816,66938,0.00048,20,1024
2,2.045606,157586,0.00048,20,1024
3,3.199057,251692,0.000373,20,1024
4,4.391193,348988,0.000373,20,1024
5,5.646978,447764,0.000373,20,1024
6,6.93851,547050,0.000336,20,1024
7,8.289245,645448,0.000336,20,1024
8,9.579334,742509,0.000336,20,1024
9,10.800076,832277,0.000221,15,1024
10,12.025337,915540,0.000221,15,1024
11,13.30807,1000993,0.00017,15,1024
