gen,time,evals,best_fit,best_size,pop_size
1,0.979775,65652,0.000727,18,1024
2,2.113919,153189,0.000725,18,1024
3,3.354765,251716,0.000645,18,1024
4,4.644259,350763,0.000645,18,1024
5,5.971663,452209,0.000641,18,1024
6,7.260645,549950,0.000593,20,1024
7,8.514883,648112,6.4e-05,21,1024
8,9.747266,744033,6e-05,21,1024
9,10.858447,831320,6e-05,21,1024
10,11.922605,908611,6e-05,21,1024
11,13.06179,987760,5.7e-05,24,1024
12,14.16714,1059624,5.6e-05,24,1024
