gen,time,evals,best_fit,best_size,pop_size
1,0.820103,51715,0.00139,15,1024
2,1.711691,124018,0.001027,16,1024
3,2.689314,201937,4.8e-05,16,1024
4,3.74719,284245,2.9e-05,16,1024
5,4.9303,375590,2.9e-05,16,1024
6,6.084586,468180,2.7e-05,16,1024
7,7.216358,553693,2.7e-05,16,1024
8,8.349143,633512,2.6e-05,16,1024
9,9.475084,714657,2.6e-05,16,1024
10,10.565683,797469,2.6e-05,16,1024
11,11.598341,878369,2.6e-05,22,1024
12,12.622839,960676,2.6e-05,22,1024
13,13.719126,1045394,2.6e-05,22,1024
