gen,time,evals,best_fit,best_size,pop_size
1,0.826394,53476,0.00143,18,1024
2,1.766569,127946,0.001378,18,1024
3,2.74102,201129,0.000614,17,1024
4,3.770123,281943,0.000114,15,1024
5,4.911816,369768,6.8e-05,21,1024
6,6.085666,459341,6.3e-05,21,1024
7,7.358413,552042,5.9e-05,17,1024
8,8.603286,642945,2.8e-05,16,1024
9,9.824661,727112,2.5e-05,16,1024
10,11.04275,802608,2.5e-05,16,1024
11,12.282586,879021,2.4e-05,16,1024
12,13.503656,958777,2.4e-05,16,1024
13,14.681437,1033608,2.3e-05,20,1024
