gen,time,evals,best_fit,best_size,pop_size
1,0.853244,53098,0.001541,15,1024
2,1.787704,125116,0.000792,17,1024
3,2.790017,204987,0.000362,17,1024
4,3.825143,285999,0.000356,17,1024
5,4.869012,367386,0.000356,17,1024
6,5.823483,439932,0.000211,18,1024
7,6.860665,522107,0.000211,18,1024
8,8.00853,612070,5.7e-05,18,1024
9,9.181111,703137,5.7e-05,18,1024
10,10.390643,790096,5.7e-05,18,1024
11,11.551459,865167,4.3e-05,18,1024
12,12.689378,940630,4.2e-05,18,1024
13,13.862313,1021247,4.2e-05,18,1024
