gen,time,evals,best_fit,best_size,pop_size
1,0.634185,61373,0.000767,16,1024
2,1.387058,147374,0.000231,22,1024
3,2.195743,239104,0.000136,24,1024
4,3.039593,330367,0.000136,24,1024
5,3.92023,425281,0.000136,24,1024
6,4.831942,523270,0.000125,23,1024
7,5.697892,622769,2.7e-05,22,1024
8,6.491621,713190,2.7e-05,24,1024
9,7.348804,807871,2.7e-05,24,1024
10,8.158469,894062,2.7e-05,24,1024
11,8.962307,975270,2.7e-05,24,1024
12,9.760903,1056971,2.7e-05,24,1024
