gen,time,evals,best_fit,best_size,pop_size
1,0.670201,62380,0.001254,18,1024
2,1.436587,147299,0.00073,17,1024
3,2.306432,242231,0.000691,14,1024
4,3.212913,341420,0.00067,11,1024
5,4.158136,442372,0.000528,12,1024
6,5.050411,538768,0.000409,19,1024
7,5.879342,627877,0.000164,19,1024
8,6.703672,715934,0.000164,19,1024
9,7.529212,803753,0.000164,19,1024
10,8.364451,891864,0.000103,17,1024
11,9.16218,966449,6.1e-05,17,1024
12,9.972661,1044748,4e-05,17,1024
