gen,time,evals,best_fit,best_size,pop_size
1,0.91906,63352,0.000871,22,1024
2,1.905736,145791,0.000776,20,1024
3,3.035401,241442,0.000746,15,1024
4,4.190148,337698,0.000698,15,1024
5,5.357224,431453,0.000159,20,1024
6,6.588653,528480,0.000159,20,1024
7,7.816101,624104,0.000159,20,1024
8,9.042937,720562,0.000159,20,1024
9,10.27206,816646,0.000102,21,1024
10,11.380792,896001,0.000102,21,1024
11,12.514642,976069,0.000102,21,1024
12,13.671672,1058789,0.000102,21,1024
