gen,time,evals,best_fit,best_size,pop_size
1,1.013892,65313,0.000721,17,1024
2,2.137151,152312,0.000721,17,1024
3,3.439052,248414,0.00056,18,1024
4,4.765761,346397,0.00045,18,1024
5,6.085124,444328,0.000216,17,1024
6,7.352916,539163,0.000215,17,1024
7,8.683051,630192,0.000212,18,1024
8,10.013632,722709,0.000191,18,1024
9,11.322067,817256,0.000187,19,1024
10,12.557469,902223,0.000187,19,1024
11,13.834617,980576,0.000187,19,1024
12,15.101115,1058902,0.000187,19,1024
