gen,time,evals,best_fit,best_size,pop_size
1,0.773836,52882,0.000871,19,1024
2,1.64601,127129,0.000854,19,1024
3,2.619039,209847,0.000576,15,1024
4,3.663847,294370,0.000575,15,1024
5,4.727042,383731,0.00014,19,1024
6,5.78346,473999,0.00014,19,1024
7,6.843934,562444,0.00014,19,1024
8,7.932407,645846,0.00014,19,1024
9,8.955671,726825,0.00011,18,1024
10,9.980356,810158,0.000105,18,1024
11,11.144055,903063,0.000105,18,1024
12,12.248066,981225,0.000105,18,1024
13,13.282168,1051785,0.000105,18,1024
