gen,time,evals,best_fit,best_size,pop_size
1,1.010111,66865,0.001265,18,1024
2,2.149764,156104,0.000323,20,1024
3,3.425491,253632,0.000323,20,1024
4,4.746757,351102,0.000323,20,1024
5,6.101516,448986,0.000225,14,1024
6,7.487068,551369,8.8e-05,18,1024
7,8.905685,651857,8.7e-05,22,1024
8,10.236167,739964,5e-05,22,1024
9,11.579437,823797,5e-05,22,1024
10,12.91902,909738,4e-05,22,1024
11,14.260175,994623,7e-06,22,1024
12,15.595029,1078885,7e-06,22,1024
