gen,time,evals,best_fit,best_size,pop_size
1,0.865442,53042,0.000793,21,1024
2,1.773727,126695,0.000748,22,1024
3,2.751018,203116,0.000193,21,1024
4,3.753584,277673,0.000181,21,1024
5,4.534195,347670,0.000181,21,1024
6,5.240053,419296,3.4e-05,17,1024
7,6.284755,506360,1.7e-05,17,1024
8,7.460432,595676,1.7e-05,17,1024
9,8.612179,686313,1.7e-05,17,1024
10,9.762952,775441,1.7e-05,15,1024
11,10.876991,857127,1.7e-05,17,1024
12,12.042149,933405,1.7e-05,16,1024
13,13.173221,1005308,1.7e-05,17,1024
