gen,time,evals,best_fit,best_size,pop_size
1,0.588374,51906,0.002644,17,1024
2,1.282801,128565,0.000915,16,1024
3,2.031524,210609,0.000686,16,1024
4,2.814381,294541,0.000205,18,1024
5,3.624481,380495,0.000203,16,1024
6,4.444031,467150,5.3e-05,17,1024
7,5.30816,557069,5.3e-05,17,1024
8,6.124427,636684,5e-05,17,1024
9,6.974312,724087,2e-05,18,1024
10,7.84066,812580,2e-05,18,1024
11,8.684919,894692,1.7e-05,18,1024
12,9.521388,977818,1.7e-05,18,1024
13,10.34458,1056147,1.7e-05,18,1024
