gen,time,evals,best_fit,best_size,pop_size
1,0.537086,53664,0.001181,22,1024
2,1.182616,130939,0.000477,17,1024
3,1.867146,208633,0.000253,17,1024
4,2.520434,277937,0.000237,17,1024
5,3.268281,359545,0.000226,17,1024
6,4.062527,449759,0.000127,18,1024
7,4.821849,534928,8.5e-05,22,1024
8,5.528494,610249,8.2e-05,16,1024
9,6.244358,684024,8e-05,21,1024
10,6.976633,758502,5.2e-05,23,1024
11,7.726448,841403,3e-05,23,1024
12,8.502431,929914,2.9e-05,23,1024
13,9.266742,1017506,2.9e-05,23,1024
