gen,time,evals,best_fit,best_size,pop_size
1,0.942092,62949,0.001593,10,1024
2,2.10412,151848,0.001085,17,1024
3,3.36066,249352,0.000378,15,1024
4,4.669779,349119,0.000298,15,1024
5,6.03731,447287,0.000206,15,1024
6,7.448913,548266,0.000166,15,1024
7,8.830417,641712,0.000133,15,1024
8,10.098774,719956,0.000128,15,1024
9,11.399891,797316,8.7e-05,15,1024
10,12.722536,871770,4.6e-05,15,1024
11,14.033032,945891,4.6e-05,15,1024
12,15.361504,1019737,4.6e-05,15,1024
