gen,time,evals,best_fit,best_size,pop_size
1,1.018534,66202,0.001553,16,1024
2,2.131224,152243,0.00139,16,1024
3,3.376894,245662,0.000542,20,1024
4,4.671494,344025,0.000539,20,1024
5,6.016089,445427,0.000229,16,1024
6,7.393652,547059,0.000228,16,1024
7,8.79735,647431,0.000228,16,1024
8,10.103923,741185,0.000191,16,1024
9,11.315039,830213,0.000191,16,1024
10,12.400054,899911,0.000191,16,1024
11,13.467462,967275,0.000191,16,1024
12,14.534113,1033525,0.000191,16,1024
