gen,time,evals,best_fit,best_size,pop_size
1,0.928217,64260,0.001307,13,1024
2,2.068389,157616,0.000646,14,1024
3,3.225139,250200,0.000643,12,1024
4,4.467962,348835,0.000643,12,1024
5,5.721507,448017,0.000522,23,1024
6,6.961342,545302,9.3e-05,16,1024
7,8.195883,638307,9.2e-05,16,1024
8,9.435953,731635,9.2e-05,16,1024
9,10.666745,817405,9.2e-05,18,1024
10,11.895479,908639,9.2e-05,16,1024
11,13.139231,1001688,6.7e-05,18,1024
