gen,time,evals,best_fit,best_size,pop_size
1,0.962705,62672,0.00138,12,1024
2,2.026062,147560,0.001016,13,1024
3,3.191721,242229,0.000816,22,1024
4,4.426833,333480,0.000222,21,1024
5,5.683949,431092,0.00015,21,1024
6,6.953301,529368,0.00015,15,1024
7,8.2553,626805,9.8e-05,20,1024
8,9.608132,719934,8e-05,20,1024
9,10.989185,815826,2.7e-05,20,1024
10,12.335232,907029,2.7e-05,18,1024
11,13.613255,986723,2.2e-05,18,1024
12,14.941646,1065123,1.7e-05,18,1024
