gen,time,evals,best_fit,best_size,pop_size
1,0.956134,61893,0.001198,22,1024
2,2.027663,152395,0.000582,15,1024
3,3.220948,249983,0.000543,18,1024
4,4.49796,351353,0.00035,19,1024
5,5.801392,453349,0.000332,18,1024
6,7.11031,553540,0.000332,20,1024
7,8.398843,648359,0.000328,20,1024
8,9.747496,741145,0.000266,21,1024
9,11.05508,833579,0.000266,21,1024
10,12.375275,926911,0.000256,21,1024
11,13.791335,1021185,0.000249,18,1024
