gen,time,evals,best_fit,best_size,pop_size
1,0.974746,64534,0.001112,14,1024
2,2.088629,154427,0.000298,19,1024
3,3.235893,246228,0.000298,19,1024
4,4.449753,334137,0.000298,19,1024
5,5.688059,428186,0.000298,19,1024
6,7.003397,528264,0.000298,19,1024
7,8.277848,626656,0.000298,19,1024
8,9.631799,723147,0.000298,19,1024
9,10.933349,814859,0.000298,19,1024
10,12.254032,907375,0.000298,19,1024
11,13.617039,1002720,0.000298,19,1024
