gen,time,evals,best_fit,best_size,pop_size
1,0.955355,63364,0.001379,26,1024
2,2.053893,154321,0.001014,22,1024
3,3.246207,251013,0.001014,22,1024
4,4.455388,347143,0.000761,19,1024
5,5.573029,425458,0.000761,19,1024
6,6.722081,506100,0.00071,19,1024
7,8.024946,600449,0.000596,16,1024
8,9.353678,693173,0.000593,16,1024
9,10.595244,784429,0.000592,16,1024
10,11.829541,877681,0.000518,16,1024
11,13.043696,969303,0.000463,17,1024
12,14.264982,1052662,6.7e-05,17,1024
