gen,time,evals,best_fit,best_size,pop_size
1,0.995836,65649,0.000418,22,1024
2,2.034731,144116,0.000277,22,1024
3,3.273984,238551,0.000275,22,1024
4,4.47483,330409,0.000274,22,1024
5,5.770505,428625,0.000274,22,1024
6,7.118383,528859,0.000274,22,1024
7,8.446102,629081,0.000179,21,1024
8,9.69486,728106,6e-05,20,1024
9,10.85374,825095,6e-05,20,1024
10,11.903684,903640,6e-05,20,1024
11,12.842603,968886,6e-05,20,1024
12,13.817443,1038220,6e-05,20,1024
