dataset,seed,train_rmse,test_rmse,train_r2,test_r2,model,simpl_model,size,simpl_size,runtime,coeff_mut,gom_coeff_mut_strat,ims,linear_scaling,data_standardization,quick_test
r2,4,0.013852452416857638,0.009345860253775557,0.9993815890078648,0.9997185103493202,2.200808+-0.145765*((((log(2.094457)/sin(-3.275591))/((x0-1.927315)/-3.018700))-cos(((x0*-4.990338)+(x0/x0))))),((0.331268426806241*x0 - 0.63845860801007)*(0.145765*cos(4.990338*x0 - 1) + 2.200808) + 0.806624928000116)/(0.331268426806241*x0 - 0.63845860801007),20,26,15.46830677986145,0.5_0.1_0.1_-1,interleaved,False,True,False,False
