dataset,seed,train_rmse,test_rmse,train_r2,test_r2,model,simpl_model,size,simpl_size,runtime,coeff_mut,gom_coeff_mut_strat,ims,linear_scaling,data_standardization,quick_test
r2,4,0.0060909915196251194,0.004505117949210616,0.9998804361596193,0.9999345911975249,0.986818+0.215421*(((((2.031235*x0)*1.095861)+log(log(5.325638)))*(cos((x0/-0.307769))+((-1.621869-x0)*sqrt(-0.337974))))),-(0.479516637404944*x0 + 0.110799411973267)*(I*(0.581355313040141*x0 + 0.9428821602051) - cos(3.24919013935776*x0)) + 0.986818,21,23,13.532176733016968,0.5_0.9_0.1_5,interleaved,False,True,False,False
