dataset,seed,train_rmse,test_rmse,train_r2,test_r2,model,simpl_model,size,simpl_size,runtime,coeff_mut,gom_coeff_mut_strat,ims,linear_scaling,data_standardization,quick_test
r2,2,0.0012042983500019562,0.0011626075680251282,0.999995325964043,0.9999956439770643,1.641375+-0.144099*(((exp((x0--1.597617))-sin((4.605207*x0)))+(cos((4.230918*x0))/(sqrt(0.676782)+(x0-2.888571))))),((x0 - 2.06590338789898)*(-0.712028232743981*exp(x0) + 0.144099*sin(4.605207*x0) + 1.641375) - 0.144099*cos(4.230918*x0))/(x0 - 2.06590338789898),21,29,13.911099195480347,0.5_0.1_0.1_-1,afterfossize,False,True,False,False
