dataset,seed,train_rmse,test_rmse,train_r2,test_r2,model,simpl_model,size,simpl_size,runtime,coeff_mut,gom_coeff_mut_strat,ims,linear_scaling,data_standardization,quick_test
r2,4,0.015066804294452861,0.013544503472755227,0.9992684126948933,0.9994087787379431,1.000943+-0.986072*(((sin((x0/0.563517))+(log(-12.012916)/(4.495079-x0)))*sqrt(((x0*x0)*sin(x0))))),(1.000943*x0 + sqrt(x0**2*sin(x0))*((4.432471539688 - 0.986072*x0)*sin(1.77456935638144*x0) + 2.45135764136297 + 0.986072*I*pi) - 4.499317859497)/(x0 - 4.495079),19,36,14.71582841873169,1.0_0.1_0.1_-1,afterfossize,False,True,False,False
