dataset,seed,train_rmse,test_rmse,train_r2,test_r2,model,simpl_model,size,simpl_size,runtime,coeff_mut,gom_coeff_mut_strat,ims,linear_scaling,data_standardization,quick_test
r2,3,0.010954683996750977,0.013438417086671057,0.9996132560087465,0.9994180038675463,0.999233+-2.010106*(((((-0.014544+x0)*cos(x0))*(sin(x0)*(x0--0.445565)))+(sqrt((-1.000026-x0))/((0.097205+-2.574426)/(x0*-0.167272))))),-0.135732266863332*x0*sqrt(-0.999974000675982*x0 - 1) - 1.005053*(x0 - 0.014544)*(x0 + 0.445565)*sin(2*x0) + 0.999233,26,24,13.907925605773926,0.5_0.1_0.1_5,interleaved,False,True,False,False
