dataset,seed,train_rmse,test_rmse,train_r2,test_r2,model,simpl_model,size,simpl_size,runtime,coeff_mut,gom_coeff_mut_strat,ims,linear_scaling,data_standardization,quick_test
r2,1,0.01732952627965072,0.015921148708307818,0.9990321740814885,0.9991830929124883,0.964601+-31.889388*(((log((x0*-26.660876))*cos(log(x0)))*(((-0.488926+x0)+exp(x0))/(exp(5.396121)-(-5.205833/x0))))),(-31.889388*x0*(log(-x0) + 3.2831971724253)*(x0 + exp(x0) - 0.488926)*cos(log(x0)) + 212.742021577375*x0 + 5.021551717633)/(220.549244275483*x0 + 5.205833),22,30,68.50347542762756,1.0_0.9_0.1_-1,afteronce,False,True,False,False
