dataset,seed,train_rmse,test_rmse,train_r2,test_r2,model,simpl_model,size,simpl_size,runtime,coeff_mut,gom_coeff_mut_strat,ims,linear_scaling,data_standardization,quick_test
r2,2,0.010986947263932617,0.009791242358589846,0.9996109746103953,0.9996910419839634,0.991387+-5.070983*(((cos((x0+0.102396))-cos(log(-1.188185)))/(((-0.781761/x0)+cos(-0.605957))-(sin(x0)+x0)))),(0.991387*x0*(x0 + sin(x0) - 0.821957415764651) + 5.070983*x0*(cos(x0 + 0.102396) - 0.985171270586697*cosh(pi) + 0.1715737963985*I*sinh(pi)) + 0.775027692507)/(x0*(x0 + sin(x0) - 0.821957415764651) + 0.781761),20,39,15.279399156570435,0.5_0.1_0.9_5,interleaved,False,True,False,False
