dataset,seed,train_rmse,test_rmse,train_r2,test_r2,model,simpl_model,size,simpl_size,runtime,coeff_mut,gom_coeff_mut_strat,ims,linear_scaling,data_standardization,quick_test
r2,3,0.005955856676181401,0.00436237573496715,0.9998856825988524,0.9999386704180443,0.997547+1.254941*((((exp(x0)/-2.285714)-sin(x0))/((log(1.810592)/(x0*x0))+(sqrt(x0)*sqrt(1.194846))))),(1.09040876517116*x0**(5/2) - x0**2*(0.549036756129595*exp(x0) + 1.254941*sin(x0)) + 0.592197630697139)/(1.09309011522381*x0**(5/2) + 0.59365386362461),20,31,51.93751931190491,1.0_0.9_0.9_5,afteronce,False,True,False,False
