dataset,seed,train_rmse,test_rmse,train_r2,test_r2,model,simpl_model,size,simpl_size,runtime,coeff_mut,gom_coeff_mut_strat,ims,linear_scaling,data_standardization,quick_test
r2,8,0.00797909141484557,0.00692863520692019,0.9997948220209262,0.999845289689047,0.800141+0.590115*(((sin((2.806112+x0))*sin((x0/0.505586)))*((cos(-1.050134)/x0)+((x0/0.479967)+sqrt(-1.602878))))),(0.800141*x0 + (0.590115*x0*(2.08347657234768*x0 + 1.26604818233747*I) + 0.293555544443467)*sin(1.9779028691459*x0)*sin(x0 + 2.806112))/x0,21,29,14.852769374847412,1.0_0.1_0.9_5,interleaved,False,True,False,False
