dataset,seed,train_rmse,test_rmse,train_r2,test_r2,model,simpl_model,size,simpl_size,runtime,coeff_mut,gom_coeff_mut_strat,ims,linear_scaling,data_standardization,quick_test
r2,9,0.006309446388069856,0.007326141518288862,0.9998717059913168,0.999827028531043,1.023755+0.015030*(((cos((x0/0.327002))-(x0+(1.151366-x0)))*(exp((x0/-0.452261))+((0.323810+x0)*(38.370934+-2.886000))))),(((0.53333855802*x0 + 0.172700358472456)*exp(2.2111126097541*x0) + 0.01503)*(cos(3.05808527164971*x0) - 1.151366) + 1.023755*exp(2.2111126097541*x0))*exp(-2.2111126097541*x0),23,31,14.744726181030273,1.0_0.9_0.1_-1,interleaved,False,True,False,False
