gen,time,evals,best_fit,best_size,pop_size
1,0.910532,65831,0.004034,13,1024
2,1.961323,155655,0.002573,15,1024
3,3.132179,252884,0.002051,14,1024
4,4.339321,350865,0.001432,20,1024
5,5.58793,449614,0.001322,18,1024
6,6.810878,546060,0.001318,20,1024
7,8.029314,641077,0.000867,20,1024
8,9.27073,738140,0.000414,20,1024
9,10.557507,831710,0.000264,19,1024
10,11.841312,922411,0.000264,19,1024
11,13.125916,1016972,0.000176,19,1024
