gen,time,evals,best_fit,best_size,pop_size
1,0.989637,69570,0.003495,8,1024
2,2.082032,158726,0.002273,14,1024
3,3.285833,254338,0.002249,14,1024
4,4.566773,353110,0.001179,20,1024
5,5.870201,449600,0.000148,20,1024
6,7.065675,538910,2.7e-05,21,1024
7,8.309845,630792,2.7e-05,21,1024
8,9.630664,727822,2e-06,21,1024
9,10.993018,820145,2e-06,21,1024
10,12.425817,905206,0.0,21,1024
11,13.879086,983843,0.0,20,1024
12,15.268205,1060366,0.0,21,1024
