gen,time,evals,best_fit,best_size,pop_size
1,0.973253,69658,0.009036,8,1024
2,2.11742,165576,0.004901,8,1024
3,3.375514,264098,0.003294,15,1024
4,4.658745,362965,0.003216,15,1024
5,5.910738,458777,0.003216,15,1024
6,7.112798,551756,0.003048,15,1024
7,8.326326,645032,0.002641,16,1024
8,9.580785,741234,0.002615,22,1024
9,10.816415,836125,0.001238,22,1024
10,11.984682,926648,0.001238,22,1024
11,13.155759,1014736,0.001238,22,1024
