gen,time,evals,best_fit,best_size,pop_size
1,1.019646,66241,0.005014,13,1024
2,2.139231,156326,0.003564,15,1024
3,3.359556,253959,0.003564,15,1024
4,4.64267,353100,0.001981,12,1024
5,5.944186,451708,0.000348,15,1024
6,7.193682,547276,0.00028,15,1024
7,8.349771,626526,0.00028,15,1024
8,9.60337,714494,0.00025,15,1024
9,10.778512,798891,0.000241,15,1024
10,11.913902,870554,0.000241,15,1024
11,13.050078,939180,0.000241,15,1024
12,14.226672,1007003,0.000241,15,1024
