gen,time,evals,best_fit,best_size,pop_size
1,0.966206,67094,0.009703,9,1024
2,2.083805,155525,0.004557,12,1024
3,3.293652,251154,0.002514,17,1024
4,4.532568,348751,0.002425,13,1024
5,5.810514,445276,0.001806,12,1024
6,6.975085,533521,0.001723,12,1024
7,8.108342,615294,0.001723,12,1024
8,9.294679,696266,0.001215,17,1024
9,10.51695,782998,0.000266,21,1024
10,11.837593,872469,0.000184,19,1024
11,13.14147,957763,0.000184,19,1024
12,14.444147,1040919,0.000184,19,1024
