gen,time,evals,best_fit,best_size,pop_size
1,0.968194,70198,0.00916,7,1024
2,2.067841,162711,0.003686,8,1024
3,3.295324,261279,0.002028,13,1024
4,4.529764,360431,0.001478,9,1024
5,5.662341,450157,0.001219,13,1024
6,6.815296,537432,0.001219,13,1024
7,7.962342,619587,0.001219,13,1024
8,9.088222,697897,0.001019,13,1024
9,10.193081,772636,0.001019,13,1024
10,11.275645,840598,0.001019,13,1024
11,12.334965,905852,0.001019,13,1024
12,13.446,970445,0.001019,13,1024
13,14.52244,1034959,0.001019,13,1024
