gen,time,evals,best_fit,best_size,pop_size
1,0.928942,67706,0.00973,18,1024
2,2.045796,161508,0.002029,26,1024
3,3.242492,260326,0.002029,27,1024
4,4.457593,359352,0.002029,26,1024
5,5.650659,457528,0.002029,27,1024
6,6.819961,552612,0.001147,26,1024
7,7.977614,641940,0.001147,27,1024
8,9.142524,735372,0.000848,26,1024
9,10.282996,826500,0.00056,26,1024
10,11.407283,916085,0.000254,26,1024
11,12.520599,1004990,7.6e-05,26,1024
