gen,time,evals,best_fit,best_size,pop_size
1,0.969519,71742,0.002028,15,1024
2,2.018175,160678,0.001306,10,1024
3,3.151461,256712,0.001306,10,1024
4,4.335528,358380,0.000414,20,1024
5,5.387493,448662,0.000414,20,1024
6,6.517476,539513,0.000267,20,1024
7,7.599807,623643,0.000267,20,1024
8,8.631601,704864,0.00021,20,1024
9,9.650191,783946,0.00021,20,1024
10,10.691046,863509,0.000207,20,1024
11,11.72911,944309,0.000183,20,1024
12,12.694375,1018525,0.000181,20,1024
