gen,time,evals,best_fit,best_size,pop_size
1,0.975882,71000,0.008106,17,1024
2,2.117014,166070,0.005223,25,1024
3,3.32837,265344,0.003989,8,1024
4,4.57771,365053,0.002771,13,1024
5,5.819671,463555,0.001269,25,1024
6,6.998204,559392,0.001197,25,1024
7,8.116292,647133,0.001197,25,1024
8,9.228595,734314,0.001197,25,1024
9,10.36056,821752,0.001197,25,1024
10,11.502936,909947,0.001197,25,1024
11,12.600916,991201,0.000983,26,1024
12,13.687215,1066836,0.000983,26,1024
