gen,time,evals,best_fit,best_size,pop_size
1,0.954265,68541,0.002162,21,1024
2,2.026779,162273,0.00116,21,1024
3,3.222084,261043,0.00116,21,1024
4,4.418245,358943,0.00116,21,1024
5,5.609272,456892,0.001,18,1024
6,6.755973,544275,0.000885,18,1024
7,7.824744,626153,0.000879,18,1024
8,8.898005,708889,0.000879,18,1024
9,9.986754,791001,0.000879,18,1024
10,11.042585,873353,0.000879,18,1024
11,12.117628,956700,0.000879,18,1024
12,13.206445,1040891,0.000876,21,1024
