gen,time,evals,best_fit,best_size,pop_size
1,0.971132,66737,0.002218,22,1024
2,2.069438,157762,0.001898,13,1024
3,3.276942,255187,0.001805,13,1024
4,4.557601,352773,0.001805,13,1024
5,5.829054,448072,0.001702,22,1024
6,7.096166,543405,0.001681,22,1024
7,8.422584,639518,0.001662,22,1024
8,9.759063,736744,0.00165,22,1024
9,11.111957,834156,0.00165,22,1024
10,12.440098,931629,0.001639,22,1024
11,13.749866,1029631,0.00162,22,1024
