gen,time,evals,best_fit,best_size,pop_size
1,1.000131,69678,0.001766,12,1024
2,2.18377,166638,0.001574,13,1024
3,3.466257,267402,0.001189,15,1024
4,4.822343,369670,0.001128,15,1024
5,6.199379,471985,0.000946,17,1024
6,7.529266,568780,0.000946,17,1024
7,8.757518,650185,0.000939,17,1024
8,9.968809,726619,0.000899,17,1024
9,11.187832,803661,0.000879,17,1024
10,12.41144,879244,0.000877,17,1024
11,13.645572,958076,0.000876,17,1024
12,14.892588,1037718,0.000876,17,1024
