gen,time,evals,best_fit,best_size,pop_size
1,0.955974,67866,0.008553,10,1024
2,2.046407,159995,0.004254,14,1024
3,3.255468,258058,0.003688,8,1024
4,4.529486,356936,0.003504,8,1024
5,5.710906,452845,0.001325,11,1024
6,6.83871,543869,0.001311,11,1024
7,7.977895,635304,0.001304,10,1024
8,9.102029,714812,0.001297,11,1024
9,10.354858,809526,0.001297,11,1024
10,11.506959,881491,0.001297,11,1024
11,12.679286,950730,0.001297,11,1024
12,13.829993,1020309,0.001297,11,1024
