gen,time,evals,best_fit,best_size,pop_size
1,1.00861,68757,0.004684,13,1024
2,2.125012,159965,0.003788,9,1024
3,3.38479,256304,0.003475,9,1024
4,4.654441,354529,0.003456,24,1024
5,5.955892,453107,0.001598,11,1024
6,7.270363,550022,0.001298,12,1024
7,8.601502,646009,0.001297,11,1024
8,9.90422,733350,0.001296,10,1024
9,11.195156,823153,0.001296,10,1024
10,12.489354,912224,0.001296,10,1024
11,13.80018,998817,0.001296,10,1024
12,15.063601,1082492,0.001296,10,1024
