gen,time,evals,best_fit,best_size,pop_size
1,0.929927,68776,0.007487,11,1024
2,2.026861,162198,0.001033,16,1024
3,3.278719,262387,0.000983,16,1024
4,4.652027,364115,0.000706,16,1024
5,5.99857,464924,0.000706,16,1024
6,7.312721,564858,0.000432,15,1024
7,8.624854,663707,0.000271,16,1024
8,9.842091,749335,0.000271,16,1024
9,11.024682,825635,0.000271,16,1024
10,12.218501,900918,0.000271,16,1024
11,13.388134,973035,0.000271,16,1024
12,14.559794,1042837,0.000271,16,1024
