gen,time,evals,best_fit,best_size,pop_size
1,0.96576,71942,0.00371,8,1024
2,2.027578,162208,0.00114,23,1024
3,3.243786,261295,0.00114,23,1024
4,4.400038,358444,0.00114,23,1024
5,5.563702,453192,0.00114,23,1024
6,6.701373,542984,0.001093,23,1024
7,7.873552,625882,0.001093,23,1024
8,8.984303,708702,0.00106,23,1024
9,10.03263,789685,0.001045,21,1024
10,11.051552,857308,0.001045,22,1024
11,12.124902,925732,0.001045,22,1024
12,13.233574,1001633,0.001045,22,1024
