gen,time,evals,best_fit,best_size,pop_size
1,0.665133,68541,0.002162,21,1024
2,1.444212,162273,0.00116,21,1024
3,2.310513,261043,0.00116,21,1024
4,3.151703,358943,0.00116,21,1024
5,4.019352,456892,0.001,18,1024
6,4.844398,544275,0.000908,18,1024
7,5.619489,623515,0.000908,22,1024
8,6.387631,703746,0.000908,22,1024
9,7.146604,785085,0.000811,21,1024
10,7.925884,864196,0.000811,21,1024
11,8.694644,944757,0.000811,21,1024
12,9.485849,1026560,0.000525,25,1024
