gen,time,evals,best_fit,best_size,pop_size
1,1.167361,69330,0.006632,11,1024
2,2.503307,161705,0.003747,8,1024
3,3.927196,260276,0.003073,18,1024
4,5.415244,360072,0.00167,21,1024
5,6.892334,458883,0.001251,13,1024
6,8.345864,554582,0.001117,13,1024
7,9.754176,641109,0.00101,13,1024
8,11.131327,726364,0.000967,13,1024
9,12.509907,812641,0.000939,13,1024
10,13.907509,899687,0.000933,13,1024
11,15.305531,987390,0.000933,13,1024
12,16.690629,1072756,0.000933,13,1024
