gen,time,evals,best_fit,best_size,pop_size
1,0.985769,69515,0.001332,9,1024
2,2.104955,161732,0.001332,9,1024
3,3.264527,257900,0.001313,9,1024
4,4.522027,358289,0.001297,9,1024
5,5.861621,457724,0.001297,9,1024
6,7.150677,554781,0.001191,22,1024
7,8.41473,646057,0.000805,21,1024
8,9.715523,734658,0.000745,21,1024
9,10.976285,823327,0.000679,21,1024
10,12.220356,911462,0.000569,21,1024
11,13.47212,999113,0.000529,21,1024
12,14.657381,1082431,0.000515,21,1024
