gen,time,evals,best_fit,best_size,pop_size
1,1.060574,67735,0.012153,13,1024
2,2.234469,159115,0.003885,12,1024
3,3.531012,257224,0.003885,12,1024
4,4.857424,355296,0.001843,14,1024
5,6.182283,451142,0.001843,17,1024
6,7.502296,545926,0.001099,15,1024
7,8.872086,642037,0.001036,20,1024
8,10.148698,723552,0.000952,14,1024
9,11.465133,810221,0.000883,14,1024
10,12.778848,899965,0.000879,17,1024
11,14.06575,988619,0.000879,20,1024
12,15.316081,1071515,0.000711,20,1024
