gen,time,evals,best_fit,best_size,pop_size
1,1.031388,67963,0.005851,14,1024
2,2.180018,159999,0.003129,21,1024
3,3.420246,257683,0.001343,24,1024
4,4.684928,356952,0.00117,24,1024
5,5.862756,447733,0.001105,17,1024
6,7.038251,541920,0.000552,24,1024
7,8.219242,624619,0.000552,24,1024
8,9.494224,715017,0.000466,24,1024
9,10.754916,800806,0.000466,24,1024
10,11.945498,876204,0.000371,24,1024
11,13.187568,953380,0.000371,24,1024
12,14.40598,1032463,0.000371,24,1024
