gen,time,evals,best_fit,best_size,pop_size
1,0.966676,70405,0.004776,22,1024
2,2.086734,166395,0.002344,21,1024
3,3.293311,264545,0.002199,21,1024
4,4.467741,358973,0.002134,20,1024
5,5.509343,434407,0.001782,20,1024
6,6.69319,528998,0.001782,20,1024
7,7.875946,626051,0.001615,21,1024
8,8.988174,714030,0.001615,21,1024
9,10.061862,795881,0.001604,21,1024
10,11.101964,881110,0.001604,21,1024
11,12.169554,967284,0.001334,21,1024
12,13.327042,1056401,0.001316,23,1024
