dataset,seed,train_rmse,test_rmse,train_r2,test_r2,model,simpl_model,size,simpl_size,runtime,coeff_mut,gom_coeff_mut_strat,ims,linear_scaling,data_standardization,quick_test
burks,6,0.012982120655632144,0.012982120655632144,0.9999810900544218,0.9999810900544218,-0.159997+1.580262*((((sin(3.563847)-(1.313123*x0))*((-4.338000*x0)-sqrt(3.330383)))*(sin(log(-3.730270))-(cos(x0)-cos(1.395748))))),1.580262*(1.313123*x0 + 0.409817833956134)*(4.338*x0 + 1.82493369742574)*(-cos(x0) + 0.174155726067739 + 0.967835678205753*cosh(pi) + 0.251583187021727*I*sinh(pi)) - 0.159997,23,29,23.03256392478943,0.5_0.1_0.9_5,afteronce,False,True,False,False
