dataset,seed,train_rmse,test_rmse,train_r2,test_r2,model,simpl_model,size,simpl_size,runtime,coeff_mut,gom_coeff_mut_strat,ims,linear_scaling,data_standardization,quick_test
burks,1,0.016416557463816882,0.016416557463816882,0.9999697612956324,0.9999697612956324,-0.111418+-0.306411*(((((x0*x0)+cos(-3.794175))+exp((x0+-0.136942)))*(((x0*-8.689173)*x0)-4.195498))),0.306411*(8.689173*x0**2 + 4.195498)*(x0**2 + 0.872020801871907*exp(x0) - 0.794518344997525) - 0.111418,19,20,13.25295639038086,0.5_0.9_0.9_5,afterfossize,False,True,False,False
