dataset,seed,train_rmse,test_rmse,train_r2,test_r2,model,simpl_model,size,simpl_size,runtime,coeff_mut,gom_coeff_mut_strat,ims,linear_scaling,data_standardization,quick_test
burks,5,0.014017746300765922,0.014017746300765922,0.9999779527011982,0.9999779527011982,0.003072+-14.957409*(((((x0--0.621016)*sin(x0))*(sqrt(-0.184156)+(x0*x0)))/((sin(-0.553688)-cos(x0))-sqrt((4.387392-x0))))),(0.00643464261510521*sqrt(1 - 0.227925838402404*x0) + 14.957409*(x0 + 0.621016)*(x0**2 + 0.429134011702638*I)*sin(x0) + 0.003072*cos(x0) + 0.00161534293284953)/(2.09461022627123*sqrt(1 - 0.227925838402404*x0) + cos(x0) + 0.525827777620291),24,45,14.824510335922241,0.5_0.9_0.1_-1,interleaved,False,True,False,False
