dataset,seed,train_rmse,test_rmse,train_r2,test_r2,model,simpl_model,size,simpl_size,runtime,coeff_mut,gom_coeff_mut_strat,ims,linear_scaling,data_standardization,quick_test
burks,9,0.02091766949663903,0.02091766949663903,0.9999509063196881,0.9999509063196881,0.004549+-107.150065*(((sin((x0/x0))/(sqrt(-1.170617)+(1.876556-x0)))*(((x0/-0.946057)+sin(x0))*sin((x0+0.600466))))),(-0.004549*x0 + 107.150065*(1.05701876314006*x0 - sin(x0))*sin(1)*sin(x0 + 0.600466) + 0.008536453244 + 0.0049217930674112*I)/(-x0 + 1.876556 + 1.08195055339881*I),23,35,14.655974626541138,0.5_0.9_0.1_5,afterfossize,False,True,False,False
