dataset,seed,train_rmse,test_rmse,train_r2,test_r2,model,simpl_model,size,simpl_size,runtime,coeff_mut,gom_coeff_mut_strat,ims,linear_scaling,data_standardization,quick_test
burks,5,0.04502307321480302,0.04502307321480302,0.999772558731552,0.999772558731552,-6.183811+696.952624*((exp((sqrt(x0)/(2.805287/x0)))/(((-16.222381*-7.033255)*cos(x0))-cos((x0/0.155306))))),(696.952624*exp(0.356469765838576*x0**(3/2)) - 705.548979689587*cos(x0) + 6.183811*cos(6.43890126588799*x0))/(114.096142280155*cos(x0) - cos(6.43890126588799*x0)),19,33,61.57539653778076,0.5_0.9_0.1_-1,afteronce,False,True,False,False
