dataset,seed,train_rmse,test_rmse,train_r2,test_r2,model,simpl_model,size,simpl_size,runtime,coeff_mut,gom_coeff_mut_strat,ims,linear_scaling,data_standardization,quick_test
burks,6,0.02960323985824823,0.02960323985824823,0.9999016719368184,0.9999016719368184,-0.178824+2.020915*((((sin(3.787073)-(1.268889*x0))*((-4.752754*x0)-sqrt(-1.319463)))*(sqrt(log(2.585284))-sin(cos(x0))))),-2.020915*(1.268889*x0 + 0.601582213845668)*(4.752754*x0 + 1.14867880628137*I)*(sin(cos(x0)) - 0.974594975633058) - 0.178824,21,21,13.229495286941528,1.0_0.1_0.1_5,afterfossize,False,True,False,False
