dataset,seed,train_rmse,test_rmse,train_r2,test_r2,model,simpl_model,size,simpl_size,runtime,coeff_mut,gom_coeff_mut_strat,ims,linear_scaling,data_standardization,quick_test
burks,2,0.030400989720924948,0.030400989720924948,0.9998963010302339,0.9998963010302339,-0.025670+-2.611195*(((((x0+0.778247)/(-6.247887--4.781192))-((x0*x0)+(-0.012246-0.479355)))/(sqrt(sqrt(x0))-log((x0*1.747779))))),(-0.02567*x0**(1/4) + 2.611195*x0**2 + 1.78032583461456*x0 + 0.02567*log(x0) + 0.11619990430429)/(x0**(1/4) - log(x0) - 0.558345839034422),24,31,24.461385488510132,0.5_0.9_0.1_5,afteronce,False,True,False,False
