dataset,seed,train_rmse,test_rmse,train_r2,test_r2,model,simpl_model,size,simpl_size,runtime,coeff_mut,gom_coeff_mut_strat,ims,linear_scaling,data_standardization,quick_test
burks,6,0.013745345474395657,0.013745345474395657,0.9999788012469161,0.9999788012469161,-0.003846+-1.773946*(((sin((x0*-0.271000))*((3.198345+4.826000)+sin(x0)))*((x0+(0.232369+0.375682))/(cos(0.834009)-log(x0))))),(-(1.773946*x0 + 1.078649639246)*(sin(x0) + 8.024345)*sin(0.271*x0) - 0.003846*log(x0) + 0.00258417346664696)/(log(x0) - 0.671911977807323),23,28,46.377177715301514,1.0_0.9_0.1_-1,afteronce,False,True,False,False
