dataset,seed,train_rmse,test_rmse,train_r2,test_r2,model,simpl_model,size,simpl_size,runtime,coeff_mut,gom_coeff_mut_strat,ims,linear_scaling,data_standardization,quick_test
burks,4,0.024135834297673745,0.024135834297673745,0.9999346382565742,0.9999346382565742,0.070454+-27.333844*(((x0+((x0/x0)+cos(-8.194418)))*(sin((0.002573+x0))+((x0*1.972176)*(-0.201277*2.671818))))),(1.06058795733763*x0 - sin(x0 + 0.002573))*(27.333844*x0 + 18.207115951973) + 0.070454,21,18,13.901432037353516,0.5_0.9_0.1_5,afterfossize,False,True,False,False
