dataset,seed,train_rmse,test_rmse,train_r2,test_r2,model,simpl_model,size,simpl_size,runtime,coeff_mut,gom_coeff_mut_strat,ims,linear_scaling,data_standardization,quick_test
burks,9,0.014573914202141025,0.014573914202141025,0.999976168498074,0.999976168498074,-0.009701+13.484941*(((((x0/-0.927933)+sin(x0))*((x0+0.596892)/-2.662887))*(cos(sin(0.743093))+((x0*-0.395390)+(x0+3.866568))))),13.484941*(0.375532270051264*x0 + 0.224152207735439)*(0.60461*x0 + 4.64629367326106)*(1.0776640123802*x0 - sin(x0)) - 0.009701,24,22,14.337324380874634,1.0_0.1_0.1_5,interleaved,False,True,False,False
