gen,time,evals,best_fit,best_size,pop_size
1,0.658026,62162,0.014334,12,1024
2,1.372604,137921,0.004508,14,1024
3,2.115678,216925,0.004507,12,1024
4,2.842979,287642,0.004507,12,1024
5,3.655758,381657,0.00322,14,1024
6,4.425478,475026,0.003144,14,1024
7,5.196826,563245,0.002188,11,1024
8,5.93652,645406,0.001977,15,1024
9,6.717575,732478,0.00197,14,1024
10,7.432733,820112,0.00197,14,1024
11,8.147213,902822,0.00197,14,1024
12,8.857647,986256,0.00197,14,1024
13,9.640342,1066310,0.00197,14,1024
