gen,time,evals,best_fit,best_size,pop_size
1,0.87669,63686,0.021596,10,1024
2,1.726688,135936,0.006656,15,1024
3,2.675233,212083,0.00465,14,1024
4,3.598,287171,0.004263,14,1024
5,4.677238,375720,0.003544,17,1024
6,5.777913,472714,0.003533,17,1024
7,6.876508,558129,0.00353,17,1024
8,8.065842,654205,0.002423,23,1024
9,9.241033,739162,0.002422,23,1024
10,10.32352,819805,0.002422,23,1024
11,11.430861,901720,0.002422,23,1024
12,12.530096,984216,0.002422,23,1024
13,13.676077,1065507,0.002422,23,1024
