gen,time,evals,best_fit,best_size,pop_size
1,0.82822,60892,0.7048,11,1024
2,1.607075,124134,0.552018,10,1024
3,2.551666,203467,0.42103,10,1024
4,3.522421,285992,0.304646,10,1024
5,4.638188,375068,0.304646,10,1024
6,5.629623,459127,0.304621,10,1024
7,6.668096,538637,0.26186,14,1024
8,7.60365,615216,0.260966,14,1024
9,8.616297,693348,0.256432,14,1024
10,9.522751,768982,0.256432,14,1024
11,10.536209,849994,0.255435,14,1024
12,11.454299,927435,0.241427,16,1024
13,12.4537,1004952,0.241427,16,1024
