gen,time,evals,best_fit,best_size,pop_size
1,0.939,59066,0.44212,13,1024
2,1.916045,128712,0.44212,13,1024
3,2.96515,206120,0.373729,21,1024
4,3.895696,263711,0.347934,14,1024
5,4.841403,322709,0.260409,9,1024
6,5.935519,391453,0.136329,21,1024
7,7.252693,485103,0.136321,21,1024
8,8.561647,578770,0.13625,21,1024
9,9.845143,667965,0.136249,21,1024
10,11.120975,751858,0.136247,21,1024
11,12.451827,839242,0.136247,21,1024
12,13.836544,927907,0.131177,17,1024
13,15.311607,1023559,0.125173,17,1024
