gen,time,evals,best_fit,best_size,pop_size
1,0.718477,58496,0.599517,9,1024
2,1.517017,128660,0.508026,9,1024
3,2.386845,213615,0.360264,15,1024
4,3.382861,309849,0.35321,15,1024
5,4.308187,396806,0.35321,15,1024
6,5.202859,482550,0.324064,12,1024
7,6.026273,555433,0.293712,19,1024
8,6.879944,628692,0.293712,19,1024
9,7.741581,703611,0.293712,19,1024
10,8.601013,782896,0.293712,19,1024
11,9.47583,863126,0.291782,19,1024
12,10.310392,936414,0.291779,19,1024
13,11.104554,1005219,0.291779,19,1024
