dataset,seed,train_rmse,test_rmse,train_r2,test_r2,model,simpl_model,size,simpl_size,runtime,coeff_mut,gom_coeff_mut_strat,ims,linear_scaling,data_standardization,quick_test
vladislavleva-8,1,0.34187940340406436,1.1476273980265024,0.9607895314390688,0.558167179749523,-0.283177+35.808348*((exp((cos(x0)+cos(x0)))/((exp(x1)+(23.495279/x1))+(log(10.654381)*(10.959675-x0))))),(-0.283177*x1*(-2.36597116907183*x0 + exp(x1) + 25.9302750723974) + 35.808348*x1*exp(2*cos(x0)) - 6.653322621383)/(x1*(-2.36597116907183*x0 + exp(x1) + 25.9302750723974) + 23.495279),20,34,29.916051149368286,1.0_0.1_0.1_-1,within,False,True,False,False
