gen,time,evals,best_fit,best_size,pop_size
1,0.682017,57750,5e-06,11,1024
2,1.426677,127381,1e-06,11,1024
3,2.235245,201932,0.0,11,1024
4,3.081896,276365,0.0,11,1024
5,4.011134,360478,0.0,6,1024
6,4.903563,439989,0.0,14,1024
7,5.771445,513932,0.0,13,1024
8,6.647224,588286,0.0,14,1024
9,7.55439,663758,0.0,14,1024
10,8.465637,740706,0.0,13,1024
11,9.421058,819541,0.0,12,1024
12,10.367653,899410,0.0,12,1024
13,11.350444,978840,0.0,13,1024
14,12.340549,1057694,0.0,17,1024
