gen,time,evals,best_fit,best_size,pop_size
1,1.032283,58049,0.000231,11,1024
2,2.146824,127479,1.9e-05,10,1024
3,3.1909,199757,1.9e-05,10,1024
4,4.358887,279543,0.0,11,1024
5,5.612936,361133,0.0,11,1024
6,6.773035,437850,0.0,13,1024
7,7.915974,512647,0.0,10,1024
8,9.050759,585317,0.0,10,1024
9,10.282025,661182,0.0,10,1024
10,11.540647,742341,0.0,10,1024
11,12.823682,825099,0.0,16,1024
12,14.135651,909075,0.0,14,1024
13,15.449584,993114,0.0,14,1024
14,16.740951,1076015,0.0,13,1024
