gen,time,evals,best_fit,best_size,pop_size
1,0.925772,58700,0.001156,14,1024
2,1.91713,126587,1e-06,13,1024
3,2.984308,200369,0.0,16,1024
4,4.180851,285350,0.0,12,1024
5,5.347635,369018,0.0,18,1024
6,6.511215,445613,0.0,8,1024
7,7.646121,521794,0.0,19,1024
8,8.769591,596373,0.0,15,1024
9,9.904827,670054,0.0,16,1024
10,11.049517,743991,0.0,16,1024
11,12.206063,818917,0.0,20,1024
12,13.328509,890002,0.0,20,1024
13,14.43478,955170,0.0,15,1024
14,15.503441,1019221,0.0,9,1024
