gen,time,evals,best_fit,best_size,pop_size
1,1.161792,77258,0.000172,12,1024
2,2.480359,166744,0.000172,12,1024
3,3.761878,259185,0.000115,9,1024
4,5.167368,356397,2.4e-05,22,1024
5,6.513503,446808,0.0,10,1024
6,7.622712,506423,0.0,9,1024
7,8.830708,579187,0.0,9,1024
8,10.142138,663626,0.0,14,1024
9,11.453127,745706,0.0,13,1024
10,12.778731,827078,0.0,16,1024
11,14.113378,909490,0.0,16,1024
12,15.423033,989692,0.0,17,1024
13,16.743196,1071506,0.0,17,1024
