gen,time,evals,best_fit,best_size,pop_size
1,1.110794,73675,0.008826,15,1024
2,2.255873,157357,7.6e-05,13,1024
3,3.557835,248903,1e-05,15,1024
4,4.888717,341051,0.0,13,1024
5,6.101242,420776,0.0,13,1024
6,7.202227,489238,0.0,12,1024
7,8.43451,577197,0.0,12,1024
8,9.884364,671217,0.0,12,1024
9,11.466304,770322,0.0,12,1024
10,12.981179,861742,0.0,12,1024
11,14.486925,953187,0.0,13,1024
12,16.053101,1042143,0.0,14,1024
