gen,time,evals,best_fit,best_size,pop_size
1,0.890785,59540,0.002022,20,1024
2,1.863441,132030,4.1e-05,20,1024
3,2.887214,205793,4e-06,17,1024
4,3.912803,280994,0.0,10,1024
5,4.989289,359943,0.0,8,1024
6,6.118633,442019,0.0,13,1024
7,7.241628,518093,0.0,13,1024
8,8.315262,595939,0.0,10,1024
9,9.354273,668216,0.0,10,1024
10,10.335915,736966,0.0,10,1024
11,11.348383,806516,0.0,10,1024
12,12.366234,881242,0.0,10,1024
13,13.349068,953537,0.0,10,1024
14,14.349204,1025424,0.0,10,1024
