gen,time,evals,best_fit,best_size,pop_size
1,1.068262,72901,1.2e-05,11,1024
2,2.196564,154900,1e-06,6,1024
3,3.362035,241586,0.0,8,1024
4,4.617711,335319,0.0,20,1024
5,5.907824,431422,0.0,8,1024
6,7.199545,526858,0.0,6,1024
7,8.460972,615245,0.0,8,1024
8,9.68228,702465,0.0,8,1024
9,10.902566,791260,0.0,8,1024
10,12.085023,878849,0.0,8,1024
11,13.218629,956198,0.0,6,1024
12,14.347919,1034548,0.0,6,1024
