gen,time,evals,best_fit,best_size,pop_size
1,1.201546,72875,1.6e-05,15,1024
2,2.508692,161359,1.6e-05,12,1024
3,3.937059,254123,1.6e-05,22,1024
4,5.485582,350971,0.0,11,1024
5,7.017104,447592,0.0,10,1024
6,8.53127,544298,0.0,10,1024
7,9.912514,633756,0.0,18,1024
8,11.29041,721017,0.0,12,1024
9,12.715224,811986,0.0,15,1024
10,14.128997,896507,0.0,13,1024
11,15.536108,979814,0.0,15,1024
12,16.985179,1064659,0.0,15,1024
