gen,time,evals,best_fit,best_size,pop_size
1,1.100957,70418,0.001767,9,1024
2,2.302831,155332,4e-06,13,1024
3,3.598454,248051,0.0,14,1024
4,5.046037,346970,0.0,9,1024
5,6.453927,437931,0.0,10,1024
6,7.840806,520383,0.0,8,1024
7,9.258351,605816,0.0,13,1024
8,10.623309,685514,0.0,10,1024
9,11.976241,764492,0.0,10,1024
10,13.342198,846193,0.0,10,1024
11,14.725446,927819,0.0,10,1024
12,16.138012,1010027,0.0,11,1024
