gen,time,evals,best_fit,best_size,pop_size
1,1.087244,69674,0.000269,6,1024
2,2.335884,157169,2.1e-05,6,1024
3,3.64795,252911,0.0,6,1024
4,4.981898,350126,0.0,6,1024
5,6.227612,441231,0.0,6,1024
6,7.380834,524593,0.0,6,1024
7,8.502006,597721,0.0,6,1024
8,9.594385,665905,0.0,6,1024
9,10.712718,746351,0.0,6,1024
10,11.835347,823793,0.0,6,1024
11,12.929822,900260,0.0,6,1024
12,14.029403,976831,0.0,6,1024
13,15.128376,1039295,0.0,6,1024
