gen,time,evals,best_fit,best_size,pop_size
1,1.106385,73268,0.000127,7,1024
2,2.320527,158255,2.5e-05,10,1024
3,3.62318,250897,1e-06,13,1024
4,4.992897,347565,0.0,16,1024
5,6.352574,444396,0.0,10,1024
6,7.684466,531777,0.0,9,1024
7,9.035871,620284,0.0,9,1024
8,10.362709,708425,0.0,10,1024
9,11.678847,795475,0.0,13,1024
10,12.947976,880159,0.0,13,1024
11,14.170838,960896,0.0,10,1024
12,15.404402,1042190,0.0,11,1024
