gen,time,evals,best_fit,best_size,pop_size
1,1.084664,71912,0.001225,17,1024
2,2.325733,162000,0.000125,13,1024
3,3.621812,256853,0.0,12,1024
4,4.950431,354198,0.0,12,1024
5,6.202461,445781,0.0,15,1024
6,7.421616,531720,0.0,10,1024
7,8.717759,618648,0.0,14,1024
8,10.016122,707869,0.0,8,1024
9,11.294613,796975,0.0,8,1024
10,12.523718,884100,0.0,8,1024
11,13.718173,966591,0.0,14,1024
12,14.797962,1029535,0.0,13,1024
