gen,time,evals,best_fit,best_size,pop_size
1,0.711014,58011,0.000842,18,1024
2,1.545656,128707,0.0,18,1024
3,2.363058,205295,0.0,18,1024
4,3.19954,280630,0.0,19,1024
5,4.05429,360850,0.0,16,1024
6,4.928182,444546,0.0,18,1024
7,5.834558,528704,0.0,19,1024
8,6.760914,608972,0.0,18,1024
9,7.668606,683097,0.0,18,1024
10,8.588424,757956,0.0,18,1024
11,9.529143,836948,0.0,18,1024
12,10.469157,913692,0.0,18,1024
13,11.445305,994562,0.0,18,1024
14,12.434331,1076057,0.0,18,1024
