gen,time,evals,best_fit,best_size,pop_size
1,1.088258,72247,0.010799,10,1024
2,2.310944,159252,1.8e-05,16,1024
3,3.549112,248500,0.0,17,1024
4,4.759948,327754,0.0,13,1024
5,6.073966,424207,0.0,8,1024
6,7.338107,508983,0.0,12,1024
7,8.578468,588900,0.0,14,1024
8,9.804661,668452,0.0,14,1024
9,11.015056,745558,0.0,14,1024
10,12.230334,822519,0.0,13,1024
11,13.47514,899534,0.0,14,1024
12,14.686915,976391,0.0,11,1024
13,15.885731,1052304,0.0,13,1024
