gen,time,evals,best_fit,best_size,pop_size
1,1.172879,73432,0.000249,15,1024
2,2.438261,165349,0.00023,18,1024
3,3.776906,260744,0.000133,13,1024
4,5.147672,357282,2e-06,8,1024
5,6.562968,452165,0.0,15,1024
6,7.862603,537224,0.0,6,1024
7,9.096714,627680,0.0,6,1024
8,10.262322,710115,0.0,6,1024
9,11.366214,790528,0.0,10,1024
10,12.502638,869773,0.0,10,1024
11,13.597092,933781,0.0,13,1024
12,14.690333,998797,0.0,13,1024
13,15.848698,1068380,0.0,13,1024
