gen,time,evals,best_fit,best_size,pop_size
1,0.666721,59300,0.000116,13,1024
2,1.435721,128597,0.0,8,1024
3,2.172005,203967,0.0,8,1024
4,2.919117,277644,0.0,11,1024
5,3.699852,362181,0.0,11,1024
6,4.439236,438382,0.0,15,1024
7,5.165629,513893,0.0,14,1024
8,5.89387,589885,0.0,10,1024
9,6.590667,662511,0.0,10,1024
10,7.2189,726979,0.0,11,1024
11,7.817974,788104,0.0,11,1024
12,8.507209,860735,0.0,14,1024
13,9.248588,940339,0.0,14,1024
14,10.001027,1019288,0.0,13,1024
