gen,time,evals,best_fit,best_size,pop_size
1,1.050234,57358,0.000182,17,1024
2,2.089953,124386,1.8e-05,10,1024
3,3.213264,198355,7e-06,17,1024
4,4.388477,274811,0.0,8,1024
5,5.521146,359720,0.0,9,1024
6,6.438567,444822,0.0,13,1024
7,7.376439,529116,0.0,10,1024
8,8.318251,611254,0.0,13,1024
9,9.288924,696037,0.0,16,1024
10,10.262944,781502,0.0,16,1024
11,11.25194,867010,0.0,16,1024
12,12.257347,952076,0.0,18,1024
13,13.265704,1038345,0.0,20,1024
