gen,time,evals,best_fit,best_size,pop_size
1,1.119598,72398,0.003369,9,1024
2,2.400679,163169,4.3e-05,9,1024
3,3.746842,260819,2e-06,12,1024
4,5.146579,358172,0.0,18,1024
5,6.5327,456898,0.0,18,1024
6,7.825425,549777,0.0,19,1024
7,9.174132,639081,0.0,9,1024
8,10.49799,725607,0.0,12,1024
9,11.837213,811427,0.0,13,1024
10,13.209995,899507,0.0,13,1024
11,14.54085,988171,0.0,18,1024
12,15.873371,1073967,0.0,16,1024
