gen,time,evals,best_fit,best_size,pop_size
1,1.174826,70823,0.007482,13,1024
2,2.473697,153959,1e-05,13,1024
3,3.917862,248871,0.0,14,1024
4,5.402797,348278,0.0,15,1024
5,6.932107,445941,0.0,10,1024
6,8.389514,533899,0.0,11,1024
7,9.859147,619612,0.0,9,1024
8,11.290363,699694,0.0,10,1024
9,12.750533,777538,0.0,16,1024
10,14.179887,855800,0.0,16,1024
11,15.668763,934540,0.0,9,1024
12,17.181464,1017156,0.0,12,1024
