gen,time,evals,best_fit,best_size,pop_size
1,1.178707,76192,0.001305,10,1024
2,2.412331,161604,0.000458,10,1024
3,3.67318,251139,0.000187,10,1024
4,5.000338,344708,0.0,18,1024
5,6.198651,422587,0.0,13,1024
6,7.481621,508241,0.0,15,1024
7,8.858197,602223,0.0,10,1024
8,10.290429,694622,0.0,14,1024
9,11.667721,778807,0.0,11,1024
10,13.051888,861147,0.0,17,1024
11,14.390038,940590,0.0,17,1024
12,15.730644,1019916,0.0,19,1024
