gen,time,evals,best_fit,best_size,pop_size
1,0.891893,57910,0.010286,18,1024
2,1.779066,122096,4.2e-05,10,1024
3,2.742095,192695,4.2e-05,12,1024
4,3.777873,267615,1e-06,12,1024
5,4.887106,347169,0.0,8,1024
6,5.990707,429325,0.0,14,1024
7,7.041491,506656,0.0,15,1024
8,8.08872,582205,0.0,8,1024
9,9.125248,658075,0.0,8,1024
10,10.167296,732414,0.0,12,1024
11,11.22719,807658,0.0,14,1024
12,12.251031,881363,0.0,12,1024
13,13.282619,953975,0.0,13,1024
14,14.341012,1027320,0.0,12,1024
