gen,time,evals,best_fit,best_size,pop_size
1,1.025416,59726,1.7e-05,18,1024
2,2.084641,130346,1.6e-05,20,1024
3,3.172592,207131,2e-06,18,1024
4,4.318535,284756,0.0,12,1024
5,5.537663,365788,0.0,16,1024
6,6.708948,445063,0.0,9,1024
7,7.899522,525078,0.0,12,1024
8,9.113885,601758,0.0,7,1024
9,10.184037,665146,0.0,14,1024
10,11.277362,728983,0.0,19,1024
11,12.397031,793768,0.0,17,1024
12,13.553231,863248,0.0,15,1024
13,14.720152,935961,0.0,15,1024
14,15.872187,1011574,0.0,15,1024
