gen,time,evals,best_fit,best_size,pop_size
1,1.217654,74043,0.009444,14,1024
2,2.590885,159744,2.8e-05,18,1024
3,3.911181,248007,0.0,16,1024
4,5.367012,341199,0.0,18,1024
5,6.772346,435587,0.0,20,1024
6,8.173059,526825,0.0,11,1024
7,9.594997,614008,0.0,11,1024
8,10.984097,701801,0.0,12,1024
9,12.334154,785040,0.0,14,1024
10,13.64735,855541,0.0,12,1024
11,15.029573,927455,0.0,15,1024
12,16.453082,1010970,0.0,14,1024
