gen,time,evals,best_fit,best_size,pop_size
1,1.175031,75151,0.0007,16,1024
2,2.440333,157966,8.9e-05,13,1024
3,3.751502,249233,0.0,15,1024
4,5.09365,343509,0.0,17,1024
5,6.401908,429633,0.0,16,1024
6,7.766361,523946,0.0,18,1024
7,9.260139,618304,0.0,17,1024
8,10.672425,705116,0.0,8,1024
9,12.105725,791542,0.0,9,1024
10,13.581177,878747,0.0,9,1024
11,15.070135,965780,0.0,18,1024
12,16.574638,1051402,0.0,14,1024
