gen,time,evals,best_fit,best_size,pop_size
1,0.91375,61033,2.1e-05,16,1024
2,1.88783,134176,1.2e-05,14,1024
3,2.943999,210995,1e-06,11,1024
4,4.092165,294495,0.0,16,1024
5,5.301846,379582,0.0,14,1024
6,6.45146,460821,0.0,14,1024
7,7.721945,545869,0.0,14,1024
8,8.891133,628976,0.0,14,1024
9,10.014192,705365,0.0,14,1024
10,11.075942,769283,0.0,14,1024
11,12.166894,833984,0.0,14,1024
12,13.233415,898731,0.0,14,1024
13,14.284201,961739,0.0,14,1024
14,15.354366,1021784,0.0,14,1024
