gen,time,evals,best_fit,best_size,pop_size
1,1.116179,73302,0.000458,13,1024
2,2.455966,163290,0.0,8,1024
3,3.839647,259651,0.0,8,1024
4,5.27505,357293,0.0,11,1024
5,6.636163,451786,0.0,11,1024
6,7.913894,534600,0.0,8,1024
7,9.154726,617817,0.0,8,1024
8,10.356779,697750,0.0,8,1024
9,11.603011,776085,0.0,8,1024
10,12.80411,851324,0.0,8,1024
11,14.047496,924262,0.0,16,1024
12,15.421772,1005189,0.0,18,1024
