gen,time,evals,best_fit,best_size,pop_size
1,0.790648,71420,0.001759,7,1024
2,1.76443,161960,1e-06,15,1024
3,2.716075,255096,0.0,12,1024
4,3.691518,346013,0.0,12,1024
5,4.692829,444178,0.0,12,1024
6,5.692969,537121,0.0,16,1024
7,6.717013,627730,0.0,11,1024
8,7.697332,709610,0.0,8,1024
9,8.707893,793478,0.0,12,1024
10,9.692649,870811,0.0,19,1024
11,10.665713,948327,0.0,11,1024
12,11.680773,1029776,0.0,12,1024
