gen,time,evals,best_fit,best_size,pop_size
1,1.104864,72145,0.0005,8,1024
2,2.269244,153646,6.5e-05,10,1024
3,3.575518,247964,0.0,10,1024
4,4.857869,339041,0.0,10,1024
5,6.120317,429198,0.0,16,1024
6,7.380933,517299,0.0,10,1024
7,8.479422,602233,0.0,10,1024
8,9.564535,681472,0.0,10,1024
9,10.736826,764658,0.0,20,1024
10,11.996378,850537,0.0,14,1024
11,13.267466,938057,0.0,14,1024
12,14.604436,1023649,0.0,14,1024
