gen,time,evals,best_fit,best_size,pop_size
1,1.080149,70704,0.005902,9,1024
2,2.307044,157490,0.001119,23,1024
3,3.616119,252997,4.9e-05,9,1024
4,5.001147,351878,0.0,13,1024
5,6.352335,450607,0.0,9,1024
6,7.679571,545890,0.0,8,1024
7,8.963906,635809,0.0,12,1024
8,10.232941,721365,0.0,14,1024
9,11.518697,808707,0.0,15,1024
10,12.817511,897364,0.0,15,1024
11,14.124306,985895,0.0,15,1024
12,15.338028,1070566,0.0,9,1024
