gen,time,evals,best_fit,best_size,pop_size
1,1.150912,73734,0.000211,17,1024
2,2.416822,162118,0.000206,16,1024
3,3.761545,259350,0.0,16,1024
4,5.166855,356990,0.0,16,1024
5,6.567983,451565,0.0,17,1024
6,7.975522,544775,0.0,8,1024
7,9.349522,630769,0.0,12,1024
8,10.708276,714323,0.0,8,1024
9,12.174063,803697,0.0,13,1024
10,13.619104,894353,0.0,15,1024
11,15.033644,980390,0.0,15,1024
12,16.533309,1071185,0.0,15,1024
