gen,time,evals,best_fit,best_size,pop_size
1,0.989841,59388,0.003067,10,1024
2,2.008183,128506,0.003067,10,1024
3,3.032481,203180,1e-06,10,1024
4,4.120164,281904,0.0,10,1024
5,5.305368,368145,0.0,10,1024
6,6.370576,441582,0.0,11,1024
7,7.421714,513639,0.0,10,1024
8,8.480325,586347,0.0,10,1024
9,9.521789,660027,0.0,9,1024
10,10.583555,737672,0.0,8,1024
11,11.685495,816813,0.0,12,1024
12,12.776008,895529,0.0,12,1024
13,13.948718,974066,0.0,12,1024
14,15.117897,1052014,0.0,9,1024
