gen,time,evals,best_fit,best_size,pop_size
1,1.090159,70103,0.010899,21,1024
2,2.276829,153049,2e-05,14,1024
3,3.596338,246181,0.0,16,1024
4,4.875421,330575,0.0,8,1024
5,6.301897,427280,0.0,12,1024
6,7.824074,525520,0.0,11,1024
7,9.221852,612897,0.0,12,1024
8,10.553246,694424,0.0,8,1024
9,11.926357,774866,0.0,10,1024
10,13.315003,857785,0.0,20,1024
11,14.720285,939525,0.0,20,1024
12,16.160338,1021900,0.0,20,1024
