gen,time,evals,best_fit,best_size,pop_size
1,1.157795,73580,0.000217,14,1024
2,2.465533,162083,1e-06,9,1024
3,3.831396,251797,0.0,11,1024
4,5.3013,343625,0.0,11,1024
5,6.760215,442505,0.0,18,1024
6,8.155654,532169,0.0,12,1024
7,9.588685,623107,0.0,13,1024
8,11.004087,714714,0.0,13,1024
9,12.409109,806859,0.0,17,1024
10,13.815793,894543,0.0,13,1024
11,15.11879,972126,0.0,13,1024
12,16.40248,1047418,0.0,18,1024
