gen,time,evals,best_fit,best_size,pop_size
1,1.176768,75239,9e-06,9,1024
2,2.459503,161153,9e-06,22,1024
3,3.813852,252329,1e-06,10,1024
4,5.210686,345387,0.0,17,1024
5,6.51937,430075,0.0,12,1024
6,8.025564,524967,0.0,13,1024
7,9.511552,620288,0.0,14,1024
8,10.972287,712784,0.0,12,1024
9,12.463241,805004,0.0,12,1024
10,13.952545,895624,0.0,15,1024
11,15.456422,985314,0.0,20,1024
12,16.948609,1074611,0.0,12,1024
