gen,time,evals,best_fit,best_size,pop_size
1,1.125726,72402,7e-06,10,1024
2,2.300972,156190,6e-06,10,1024
3,3.610116,252603,0.0,10,1024
4,4.970286,350504,0.0,10,1024
5,6.130308,447699,0.0,10,1024
6,7.139818,522137,0.0,10,1024
7,8.116691,589053,0.0,14,1024
8,9.092664,657605,0.0,10,1024
9,10.093649,728590,0.0,10,1024
10,11.166104,802324,0.0,21,1024
11,12.364712,882884,0.0,17,1024
12,13.649666,967032,0.0,14,1024
13,14.940913,1052340,0.0,17,1024
