gen,time,evals,best_fit,best_size,pop_size
1,0.739698,71008,0.00027,18,1024
2,1.639046,156892,1e-06,18,1024
3,2.558015,249737,0.0,13,1024
4,3.535395,345111,0.0,11,1024
5,4.568267,442669,0.0,10,1024
6,5.683084,541214,0.0,16,1024
7,6.769579,631424,0.0,16,1024
8,7.83658,719050,0.0,18,1024
9,8.915023,807832,0.0,14,1024
10,9.978963,898316,0.0,13,1024
11,11.043694,989051,0.0,12,1024
12,12.139126,1082226,0.0,13,1024
