gen,time,evals,best_fit,best_size,pop_size
1,0.945881,60025,0.011983,7,1024
2,1.925984,128118,3.5e-05,8,1024
3,2.967892,202542,3.5e-05,8,1024
4,4.05622,279586,0.0,12,1024
5,5.147121,357437,0.0,12,1024
6,6.285397,442586,0.0,10,1024
7,7.393335,525399,0.0,13,1024
8,8.471126,607562,0.0,10,1024
9,9.551535,689402,0.0,10,1024
10,10.627227,770907,0.0,10,1024
11,11.687706,848936,0.0,10,1024
12,12.742315,926250,0.0,14,1024
13,13.790784,1003084,0.0,10,1024
