gen,time,evals,best_fit,best_size,pop_size
1,1.001881,58587,0.000561,15,1024
2,2.08411,130748,7.4e-05,15,1024
3,3.17789,207604,5e-06,15,1024
4,4.308934,286531,0.0,17,1024
5,5.574009,375275,0.0,24,1024
6,6.820102,458274,0.0,18,1024
7,8.079132,541272,0.0,17,1024
8,9.38698,625726,0.0,14,1024
9,10.662977,706722,0.0,14,1024
10,11.939945,785581,0.0,14,1024
11,13.238906,867147,0.0,18,1024
12,14.503333,945127,0.0,16,1024
13,15.793046,1023023,0.0,23,1024
