gen,time,evals,best_fit,best_size,pop_size
1,0.971421,57547,0.000414,16,1024
2,1.958847,123348,2.6e-05,8,1024
3,2.984599,196253,7e-06,14,1024
4,4.089764,275395,0.0,11,1024
5,5.226269,354780,0.0,9,1024
6,6.3753,437083,0.0,9,1024
7,7.479206,510004,0.0,12,1024
8,8.626297,585095,0.0,10,1024
9,9.827775,664073,0.0,13,1024
10,11.024938,741395,0.0,11,1024
11,12.216769,817684,0.0,14,1024
12,13.427202,894513,0.0,13,1024
13,14.588425,969451,0.0,8,1024
14,15.730036,1044180,0.0,9,1024
