gen,time,evals,best_fit,best_size,pop_size
1,1.106572,72547,0.0,18,1024
2,2.374637,157153,0.0,6,1024
3,3.704609,250874,0.0,6,1024
4,5.049086,346916,0.0,6,1024
5,6.299451,437571,0.0,6,1024
6,7.514242,521811,0.0,6,1024
7,8.721984,602216,0.0,6,1024
8,9.926998,687874,0.0,6,1024
9,11.114798,762933,0.0,6,1024
10,12.245367,825415,0.0,6,1024
11,13.406131,887919,0.0,6,1024
12,14.525135,950383,0.0,6,1024
13,15.660992,1012900,0.0,6,1024
