gen,time,evals,best_fit,best_size,pop_size
1,1.027285,60340,0.0008,15,1024
2,2.086011,129084,9.1e-05,16,1024
3,3.188454,205998,3e-06,16,1024
4,4.45861,291347,2e-06,13,1024
5,5.671128,375823,0.0,16,1024
6,6.830767,456348,0.0,16,1024
7,7.925507,530258,0.0,15,1024
8,9.081535,608257,0.0,16,1024
9,10.334839,690928,0.0,16,1024
10,11.542035,771153,0.0,13,1024
11,12.730347,844183,0.0,15,1024
12,13.867316,915373,0.0,15,1024
13,15.044245,985592,0.0,15,1024
14,16.218001,1054499,0.0,15,1024
