gen,time,evals,best_fit,best_size,pop_size
1,1.185784,73389,0.000166,7,1024
2,2.425493,159817,5e-06,20,1024
3,3.764959,253092,0.0,13,1024
4,5.146284,347375,0.0,12,1024
5,6.582533,445297,0.0,13,1024
6,8.118862,543782,0.0,10,1024
7,9.554881,635318,0.0,13,1024
8,10.954438,723367,0.0,10,1024
9,12.324068,811986,0.0,10,1024
10,13.710591,900233,0.0,10,1024
11,15.103824,986473,0.0,10,1024
12,16.429105,1071561,0.0,17,1024
