gen,time,evals,best_fit,best_size,pop_size
1,0.954134,58873,0.002799,20,1024
2,1.994169,131544,8e-06,19,1024
3,3.061743,205706,4e-06,15,1024
4,4.177695,285431,0.0,11,1024
5,5.423317,376181,0.0,20,1024
6,6.660662,461145,0.0,16,1024
7,7.856901,543240,0.0,18,1024
8,9.090818,626660,0.0,19,1024
9,10.317805,708567,0.0,17,1024
10,11.545352,790982,0.0,17,1024
11,12.745676,869915,0.0,17,1024
12,13.979968,949407,0.0,17,1024
13,15.149077,1022206,0.0,17,1024
