gen,time,evals,best_fit,best_size,pop_size
1,1.140467,73628,0.002022,10,1024
2,2.481359,163874,0.000196,10,1024
3,3.886483,258580,1.2e-05,10,1024
4,5.264066,355202,0.0,10,1024
5,6.455197,438337,0.0,10,1024
6,7.557869,506533,0.0,10,1024
7,8.620461,573644,0.0,21,1024
8,9.670994,639190,0.0,20,1024
9,10.768138,703000,0.0,20,1024
10,11.830193,765547,0.0,20,1024
11,12.89864,828069,0.0,20,1024
12,13.977638,890598,0.0,20,1024
13,15.067479,953116,0.0,20,1024
14,16.122735,1015642,0.0,20,1024
