gen,time,evals,best_fit,best_size,pop_size
1,1.108754,72841,0.002092,10,1024
2,2.402819,162407,0.0,8,1024
3,3.795415,259602,0.0,8,1024
4,5.207038,359458,0.0,12,1024
5,6.547162,454065,0.0,12,1024
6,7.870103,541477,0.0,9,1024
7,9.188613,628407,0.0,17,1024
8,10.479544,707903,0.0,12,1024
9,11.856779,790372,0.0,16,1024
10,13.150904,864652,0.0,14,1024
11,14.494581,944421,0.0,18,1024
12,15.879306,1025402,0.0,18,1024
