gen,time,evals,best_fit,best_size,pop_size
1,1.112972,74313,0.008962,17,1024
2,2.390975,160450,0.002137,16,1024
3,3.714568,252671,0.000481,10,1024
4,5.108918,349247,1.1e-05,11,1024
5,6.568041,444083,2e-06,8,1024
6,8.081954,540875,0.0,12,1024
7,9.481212,633712,0.0,8,1024
8,10.774978,716257,0.0,13,1024
9,12.071015,798219,0.0,8,1024
10,13.383479,883485,0.0,8,1024
11,14.66341,968238,0.0,11,1024
12,15.941729,1050625,0.0,11,1024
