gen,time,evals,best_fit,best_size,pop_size
1,0.976405,59517,0.0,20,1024
2,1.993543,127838,0.0,20,1024
3,3.07024,204436,0.0,20,1024
4,4.245189,286603,0.0,11,1024
5,5.542774,376946,0.0,9,1024
6,6.888147,465095,0.0,12,1024
7,8.181477,549694,0.0,16,1024
8,9.423071,627271,0.0,16,1024
9,10.653433,707074,0.0,17,1024
10,11.872575,788505,0.0,18,1024
11,13.07481,862958,0.0,18,1024
12,14.236481,934279,0.0,18,1024
13,15.399942,1009888,0.0,18,1024
