gen,time,evals,best_fit,best_size,pop_size
1,1.129054,73177,7.3e-05,12,1024
2,2.396513,157527,5e-06,13,1024
3,3.705984,250540,0.0,10,1024
4,5.033127,342865,0.0,13,1024
5,6.402818,434617,0.0,14,1024
6,7.780966,520288,0.0,9,1024
7,9.17511,606404,0.0,10,1024
8,10.573395,692356,0.0,11,1024
9,11.952899,777438,0.0,15,1024
10,13.285997,860582,0.0,17,1024
11,14.649217,944606,0.0,11,1024
12,16.00369,1027638,0.0,9,1024
