gen,time,evals,best_fit,best_size,pop_size
1,1.07593,73615,0.005563,14,1024
2,2.245681,157248,0.001723,7,1024
3,3.478244,250979,0.0,14,1024
4,4.707762,340073,0.0,11,1024
5,5.935395,434107,0.0,11,1024
6,7.093609,513632,0.0,9,1024
7,8.337206,598222,0.0,11,1024
8,9.583066,683406,0.0,16,1024
9,10.84932,771363,0.0,12,1024
10,12.089237,856705,0.0,8,1024
11,13.306334,938809,0.0,8,1024
12,14.497771,1018345,0.0,16,1024
