gen,time,evals,best_fit,best_size,pop_size
1,0.835926,57238,0.011982,6,1024
2,1.711326,123137,0.000559,16,1024
3,2.626153,194124,1e-06,16,1024
4,3.574565,264096,0.0,12,1024
5,4.681707,347848,0.0,19,1024
6,5.925252,438781,0.0,14,1024
7,7.123746,522717,0.0,18,1024
8,8.330195,607451,0.0,14,1024
9,9.504382,688554,0.0,17,1024
10,10.673574,770990,0.0,14,1024
11,11.816524,850953,0.0,12,1024
12,12.973673,931699,0.0,17,1024
13,14.192203,1016382,0.0,19,1024
