gen,time,evals,best_fit,best_size,pop_size
1,1.039589,61171,0.000877,16,1024
2,2.104549,132862,0.000485,17,1024
3,3.217502,210292,0.000247,8,1024
4,4.407578,292741,0.0,14,1024
5,5.697137,379361,0.0,24,1024
6,6.965307,468385,0.0,17,1024
7,8.226859,555102,0.0,24,1024
8,9.487926,639054,0.0,24,1024
9,10.780468,722763,0.0,24,1024
10,12.050638,806493,0.0,24,1024
11,13.344755,890646,0.0,22,1024
12,14.64559,974337,0.0,19,1024
13,15.905363,1055550,0.0,19,1024
