gen,time,evals,best_fit,best_size,pop_size
1,0.931618,56554,0.002175,9,1024
2,1.933029,123500,0.000101,9,1024
3,2.959097,195656,9.9e-05,9,1024
4,4.052875,273436,2.3e-05,11,1024
5,5.159579,352668,0.0,12,1024
6,6.303596,434733,0.0,9,1024
7,7.306163,506373,0.0,9,1024
8,8.31867,575219,0.0,10,1024
9,9.401158,648451,0.0,17,1024
10,10.477342,721461,0.0,19,1024
11,11.561902,793621,0.0,14,1024
12,12.619119,862881,0.0,10,1024
13,13.711455,931298,0.0,11,1024
14,14.828739,1000318,0.0,13,1024
