gen,time,evals,best_fit,best_size,pop_size
1,1.141091,73502,0.000228,7,1024
2,2.466947,161598,2.2e-05,9,1024
3,3.756373,252931,0.0,15,1024
4,5.051899,336857,0.0,17,1024
5,6.540184,435182,0.0,11,1024
6,8.031999,531458,0.0,19,1024
7,9.543335,621938,0.0,17,1024
8,11.05858,714556,0.0,8,1024
9,12.618739,809660,0.0,18,1024
10,14.139471,905089,0.0,18,1024
11,15.683259,1000305,0.0,18,1024
