gen,time,evals,best_fit,best_size,pop_size
1,1.164241,73858,0.00335,8,1024
2,2.474134,161356,3.4e-05,18,1024
3,3.804339,252978,3.4e-05,18,1024
4,5.145104,341427,0.0,14,1024
5,6.479264,431039,0.0,8,1024
6,7.844116,516007,0.0,19,1024
7,9.21501,600712,0.0,17,1024
8,10.619636,687471,0.0,17,1024
9,12.032971,774189,0.0,17,1024
10,13.444678,861237,0.0,17,1024
11,14.849989,947133,0.0,17,1024
12,16.233648,1031533,0.0,17,1024
