gen,time,evals,best_fit,best_size,pop_size
1,0.96672,57854,0.006629,16,1024
2,1.966277,128606,0.000881,10,1024
3,3.066001,203691,4e-06,15,1024
4,4.173117,278490,0.0,11,1024
5,5.276071,351083,0.0,19,1024
6,6.481198,433015,0.0,15,1024
7,7.636002,507158,0.0,12,1024
8,8.849566,585336,0.0,12,1024
9,10.119398,663919,0.0,15,1024
10,11.349697,742965,0.0,13,1024
11,12.634732,822976,0.0,12,1024
12,13.857621,901569,0.0,12,1024
13,15.132468,980418,0.0,13,1024
14,16.374949,1058118,0.0,14,1024
