gen,time,evals,best_fit,best_size,pop_size
1,0.931926,59091,0.006572,16,1024
2,1.870441,128340,0.003633,17,1024
3,2.934973,204427,0.001154,15,1024
4,3.97084,278154,0.0,22,1024
5,5.051204,357581,0.0,20,1024
6,6.239974,448922,0.0,15,1024
7,7.351865,531282,0.0,16,1024
8,8.46771,613511,0.0,20,1024
9,9.612521,696038,0.0,15,1024
10,10.775387,778767,0.0,18,1024
11,11.922853,863368,0.0,18,1024
12,13.079579,948095,0.0,18,1024
13,14.239451,1033755,0.0,18,1024
