dataset,seed,train_rmse,test_rmse,train_r2,test_r2,model,simpl_model,size,simpl_size,runtime,coeff_mut,gom_coeff_mut_strat,ims,linear_scaling,data_standardization,quick_test
keijzer-2,4,1.9892164731363758e-05,1.8819395435594023e-05,0.9999999929271222,0.9999999936694215,0.000014+96.076468*(((cos((x0*5.837604))-cos((-6.728791*x0)))*((sin(-1.487024)+(x0/x0))/cos((x0/3.926815))))),(1.4e-5*cos(0.254659310408053*x0) + 0.336925741003913*cos(5.837604*x0) - 0.336925741003913*cos(6.728791*x0))/cos(0.254659310408053*x0),21,26,35.17533230781555,0.5_0.1_0.9_5,afteronce,False,True,False,False
