dataset,seed,train_rmse,test_rmse,train_r2,test_r2,model,simpl_model,size,simpl_size,runtime,coeff_mut,gom_coeff_mut_strat,ims,linear_scaling,data_standardization,quick_test
keijzer-2,8,2.7699799763715977e-05,2.783308418119725e-05,0.9999999862853314,0.9999999861530308,0.000011+0.416831*(((cos((x0*5.656710))-cos((6.909663*x0)))/(cos((x0/2.096052))+cos((-0.299543*2.457169))))),(1.1e-5*cos(0.477087400503423*x0) + 0.416831*cos(5.65671*x0) - 0.416831*cos(6.909663*x0) + 8.15255264814892e-6)/(cos(0.477087400503423*x0) + 0.74114114983172),19,29,89.97397303581238,1.0_0.9_0.9_5,afteronce,False,True,False,False
