gen,time,evals,best_fit,best_size,pop_size
1,2.043186,60538,0.057779,14,1024
2,4.513772,130397,0.003151,22,1024
3,6.805491,198133,0.003151,22,1024
4,9.326765,277167,0.00295,22,1024
5,12.122389,375878,0.002342,16,1024
6,14.770641,461205,0.000495,19,1024
7,17.861656,553102,0.000362,19,1024
8,21.306192,650887,0.000362,19,1024
9,24.979761,751398,0.000362,19,1024
10,28.482205,846664,0.000349,25,1024
11,31.90877,937851,0.000349,25,1024
12,35.269953,1026247,0.00034,22,1024
