gen,time,evals,best_fit,best_size,pop_size
1,2.100238,57186,0.070355,17,1024
2,4.715843,133323,0.015619,17,1024
3,7.322734,209490,0.013412,25,1024
4,9.87988,288580,0.008709,25,1024
5,12.609025,382962,0.004394,24,1024
6,15.496454,477615,0.000885,26,1024
7,18.672299,573968,0.00017,24,1024
8,21.969232,674742,6.1e-05,27,1024
9,25.638232,776138,6.1e-05,24,1024
10,29.411369,877369,5.3e-05,21,1024
11,33.046839,975993,2e-05,21,1024
12,36.186893,1069291,1.9e-05,21,1024
