gen,time,evals,best_fit,best_size,pop_size
1,1.18595,28089,0.061306,14,1024
2,2.545084,66124,0.029944,15,1024
3,3.848812,101107,0.014486,21,1024
4,5.147188,136406,0.004526,22,1024
5,6.560679,172491,0.004526,22,1024
6,7.898889,204300,0.004526,22,1024
7,9.301148,238534,0.004495,22,1024
8,10.733462,273587,0.002619,20,1024
9,12.219643,307390,0.002269,20,1024
10,13.394715,331691,0.001011,21,1024
11,14.473999,352407,0.000532,21,1024
12,15.673145,376303,0.000466,21,1024
13,17.04746,404391,7.9e-05,24,1024
14,18.096349,425737,1.7e-05,24,1024
15,19.201224,447394,2e-06,24,1024
16,20.408859,471855,2e-06,24,1024
17,21.584676,494268,2e-06,24,1024
18,22.643417,514878,2e-06,24,1024
19,23.483331,528999,1e-06,24,1024
20,24.381131,543600,1e-06,24,1024
21,25.374819,559992,1e-06,24,1024
22,26.206198,574247,1e-06,23,1024
23,27.361085,598122,1e-06,22,1024
24,28.378204,617697,1e-06,23,1024
25,29.513973,640384,1e-06,22,1024
26,30.716429,665813,1e-06,22,1024
27,31.935947,691509,1e-06,22,1024
28,33.199005,716983,1e-06,22,1024
29,34.43758,741500,1e-06,23,1024
30,35.697423,766769,1e-06,24,1024
31,36.93676,789898,1e-06,24,1024
32,38.22718,815167,1e-06,24,1024
33,39.188148,832777,1e-06,24,1024
34,39.9466,844132,1e-06,24,1024
35,41.140797,868628,1e-06,24,1024
36,42.265161,891110,1e-06,24,1024
37,43.316403,912795,1e-06,24,1024
38,43.959585,922317,1e-06,24,1024
39,44.618654,931587,1e-06,24,1024
40,45.27819,940262,1e-06,24,1024
41,45.938412,948363,1e-06,24,1024
42,46.539673,956133,1e-06,24,1024
43,47.106242,963194,1e-06,24,1024
44,47.646275,968947,1e-06,24,1024
45,48.05594,971377,1e-06,24,1024
46,48.478156,974008,1e-06,24,1024
47,48.964792,978026,1e-06,24,1024
48,49.464857,982630,1e-06,24,1024
49,49.856318,984577,1e-06,24,1024
50,50.256679,986618,1e-06,24,1024
51,50.653551,988544,1e-06,24,1024
52,51.043821,990472,1e-06,24,1024
53,51.428994,992398,1e-06,24,1024
54,51.800891,994312,1e-06,24,1024
55,52.198034,996228,1e-06,24,1024
56,52.561379,998141,1e-06,24,1024
57,52.940888,1000045,1e-06,24,1024
