gen,time,evals,best_fit,best_size,pop_size
1,1.556937,58038,0.064668,15,1024
2,3.241291,127884,0.010267,19,1024
3,5.016272,198072,0.006392,19,1024
4,6.854211,279178,0.00291,19,1024
5,8.910192,361433,0.002846,19,1024
6,11.963715,447971,0.00203,19,1024
7,15.495261,543439,0.000248,24,1024
8,18.728698,630449,0.000246,23,1024
9,21.982855,715194,0.00022,23,1024
10,25.141102,802117,0.0,20,1024
11,28.514469,892240,0.0,20,1024
12,31.820291,982949,0.0,20,1024
13,35.332488,1076064,0.0,22,1024
