gen,time,evals,best_fit,best_size,pop_size
1,2.118613,56001,0.070477,14,1024
2,4.543852,127530,0.016342,19,1024
3,7.061019,198533,0.008372,19,1024
4,9.523016,271210,0.003926,19,1024
5,12.691294,362217,0.003926,19,1024
6,16.072584,450743,0.00375,21,1024
7,19.624509,537050,0.003615,20,1024
8,23.340075,628042,0.002555,20,1024
9,27.239035,719743,0.002095,22,1024
10,31.353723,816513,0.002095,22,1024
11,35.536405,909394,0.002095,22,1024
12,39.642256,1001560,0.002012,22,1024
