gen,time,evals,best_fit,best_size,pop_size
1,2.119733,58183,0.055291,16,1024
2,4.453096,126224,0.010713,16,1024
3,7.24084,199961,0.010713,16,1024
4,10.29494,292604,0.010713,16,1024
5,13.714626,379285,0.004318,19,1024
6,17.320186,466464,0.00407,17,1024
7,21.037846,552512,0.002429,25,1024
8,24.854791,642488,0.001466,23,1024
9,30.380229,739196,0.001206,23,1024
10,34.587608,840109,0.000839,22,1024
11,39.163184,942375,0.000703,24,1024
12,43.554037,1045305,0.000273,26,1024
