gen,time,evals,best_fit,best_size,pop_size
1,1.967203,55066,0.020459,23,1024
2,4.125246,120589,0.018982,24,1024
3,6.017698,173144,0.017006,24,1024
4,8.122951,238425,0.01337,23,1024
5,10.761733,318269,0.010105,20,1024
6,13.173185,386950,0.003874,16,1024
7,16.306152,474183,0.003874,16,1024
8,19.625651,573388,0.002385,21,1024
9,22.759369,662873,0.00094,21,1024
10,25.954809,757140,0.00015,21,1024
11,29.083651,844615,3e-05,18,1024
12,32.155411,930086,3e-06,19,1024
13,35.478606,1013950,0.0,24,1024
