gen,time,evals,best_fit,best_size,pop_size
1,2.103339,58048,0.059925,15,1024
2,4.500433,129349,0.017096,11,1024
3,6.974915,199440,0.016215,11,1024
4,9.867371,289014,0.008617,16,1024
5,12.602899,369866,0.008617,16,1024
6,14.75308,436179,0.008617,14,1024
7,17.480998,525669,0.008617,14,1024
8,20.490557,617424,0.00246,19,1024
9,23.639797,708880,1e-06,18,1024
10,26.541346,794545,0.0,18,1024
11,29.254274,870966,0.0,18,1024
12,31.790767,945832,0.0,18,1024
13,34.380135,1021126,0.0,19,1024
