gen,time,evals,best_fit,best_size,pop_size
1,2.100561,57458,0.050494,15,1024
2,4.46342,129573,0.033009,15,1024
3,6.724024,194617,0.007623,20,1024
4,9.453467,278816,0.007623,20,1024
5,12.690764,370285,0.005048,19,1024
6,16.137286,467209,0.003365,17,1024
7,19.554877,559937,0.001188,20,1024
8,22.768212,650465,0.001131,20,1024
9,26.062327,741851,0.00078,18,1024
10,29.125705,834092,0.000542,18,1024
11,32.190765,925375,0.000262,18,1024
12,35.043323,1015900,0.000126,20,1024
