gen,time,evals,best_fit,best_size,pop_size
1,2.156589,57059,0.06126,16,1024
2,4.515326,128022,0.028092,16,1024
3,6.884052,195184,0.001238,14,1024
4,9.164664,269794,0.001238,14,1024
5,11.862682,361307,0.001238,14,1024
6,14.246742,445204,0.001238,14,1024
7,16.305922,507112,0.000836,21,1024
8,18.858219,592741,0.000239,19,1024
9,21.573607,684172,0.000133,19,1024
10,24.147568,770585,1e-05,19,1024
11,26.672759,855056,3e-06,19,1024
12,29.203669,940201,1e-06,19,1024
13,32.304947,1030749,0.0,19,1024
