dataset,seed,train_rmse,test_rmse,train_r2,test_r2,model,simpl_model,size,simpl_size,runtime,coeff_mut,gom_coeff_mut_strat,ims,linear_scaling,data_standardization,quick_test
vladislavleva-5,7,0.050451438240175374,0.16572112549743537,0.9927680449422946,0.9219695045996799,0.000643+-10.086072*(((exp(cos(x2))-sqrt((x2+1.989249)))*(sin((-8.414491-x0))/((x0+5.785137)-(x1*10.831859))))),(0.000643*x0 - 0.006964885337*x1 - 10.086072*(1.41040738795569*sqrt(0.502702276085095*x2 + 1) - exp(cos(x2)))*sin(x0 + 8.414491) + 0.003719843091)/(x0 - 10.831859*x1 + 5.785137),21,38,41.83902955055237,0.5_es,afterfossize,False,True,False,False
