dataset,seed,train_rmse,test_rmse,train_r2,test_r2,model,simpl_model,size,simpl_size,runtime,coeff_mut,gom_coeff_mut_strat,ims,linear_scaling,data_standardization,quick_test
vladislavleva-5,9,1.2906161321252377e-05,2.664403335332484e-05,0.9999999995267367,0.9999999979829877,0.000002+-216.629676*((((x2+x0)-((x2*x0)+exp(0.000002)))/(((x1*x1)+exp(-3340.719126))*(log(-0.000000)-(x0*-7.222897))))),(216.629676*x0*x2 - 216.629676*x0 - 216.629676*x2 + 2.0e-6*(7.222897*x0 + zoo)*(x1**2 + 1.39353534855524e-1451) + 216.630109259785)/((7.222897*x0 + zoo)*(x1**2 + 1.39353534855524e-1451)),24,39,39.021296977996826,0.5_0.9_0.9_5,afterfossize,False,True,False,False
