dataset,seed,train_rmse,test_rmse,train_r2,test_r2,model,simpl_model,size,simpl_size,runtime,coeff_mut,gom_coeff_mut_strat,ims,linear_scaling,data_standardization,quick_test
vladislavleva-5,7,0.012790697235707327,0.03875726830526212,0.9995351668914092,0.9957320931234291,-0.004844+29.184878*(((((x0*x2)-(x2+x0))-cos(log(-24.724311)))/((1.405668+(-2.424168*x1))*((-8.097854/-0.964840)+(x1-x0))))),-(29.184878*x0*x2 - 29.184878*x0 - 29.184878*x2 + 0.004844*(2.424168*x1 - 1.405668)*(-x0 + x1 + 8.39295012644584) + 29.1209617572216*cosh(pi) - 1.93046372908712*I*sinh(pi))/((2.424168*x1 - 1.405668)*(-x0 + x1 + 8.39295012644584)),25,50,36.55285358428955,1.0_es,afterfossize,False,True,False,False
