dataset,seed,train_rmse,test_rmse,train_r2,test_r2,model,simpl_model,size,simpl_size,runtime,coeff_mut,gom_coeff_mut_strat,ims,linear_scaling,data_standardization,quick_test
vladislavleva-5,7,0.017731990387980436,0.056673657115050145,0.9991066459918122,0.9908741969350452,0.000109+1099618999.282534*(((((x2/1.025316)+(x2-1.980805))/((646611302.336702--0.268443)*(x1*x1)))*(cos((x0--0.574043))/cos((x0*-0.331697))))),(0.000109*x1**2*cos(0.331697*x0) + (3.359185619033386*x2 - 3.368531918786952)*cos(x0 + 0.574043))/(x1**2*cos(0.331697*x0)),25,30,41.47814440727234,0.5_0.9_0.1_5,afterfossize,False,True,False,False
