dataset,seed,train_rmse,test_rmse,train_r2,test_r2,model,simpl_model,size,simpl_size,runtime,coeff_mut,gom_coeff_mut_strat,ims,linear_scaling,data_standardization,quick_test
vladislavleva-5,2,0.01291044160908551,0.031551284223695436,0.9995264227716041,0.9971715878270465,0.002839+4.631496*(((((x0*x2)-(x0+x2))--1.001624)/((x1/(4.830593/x0))+(sqrt(1.170415)-exp(x1))))),(0.000587712523079465*x0*x1 + 4.631496*x0*x2 - 4.631496*x0 - 4.631496*x2 - 0.002839*exp(x1) + 4.64208894209324)/(0.207013921479206*x0*x1 - exp(x1) + 1.08185719944917),21,33,28.860732316970825,1.0_0.1_0.1_5,afterfossize,False,True,False,False
