dataset,seed,train_rmse,test_rmse,train_r2,test_r2,model,simpl_model,size,simpl_size,runtime,coeff_mut,gom_coeff_mut_strat,ims,linear_scaling,data_standardization,quick_test
vladislavleva-5,1,0.00018974231613124633,0.00042942527486273944,0.9999998977090974,0.9999994760572678,0.000007+-208.293096*(((((x2+x0)-(x2*x0))-cos((x2-x2)))/(((x1*x1)*(-9.458204+x0))*(exp(1.992650)-(-0.056122*x0))))),(208.293096*x0*x2 - 208.293096*x0 + 7.0e-6*x1**2*(0.056122*x0 + 7.33494563615254)*(x0 - 9.458204) - 208.293096*x2 + 208.293096)/(x1**2*(0.056122*x0 + 7.33494563615254)*(x0 - 9.458204)),27,41,51.05007219314575,0.5_0.1_0.1_5,afteronce,False,True,False,False
