dataset,seed,train_rmse,test_rmse,train_r2,test_r2,model,simpl_model,size,simpl_size,runtime,coeff_mut,gom_coeff_mut_strat,ims,linear_scaling,data_standardization,quick_test
vladislavleva-5,5,4.314776893663858e-05,5.890489197522213e-05,0.9999999947103699,0.9999999901414885,-0.000101+-30.006584*(((((x0-0.999941)-(x2*x0))+x2)/(((x1*x1)*(x0+-9.959375))+((x1*x1)/(6.168053*-3.812404))))),(30.006584*x0*x2 - 30.006584*x0 + x1**2*(0.001005896875 - 0.000101*x0) + 4.29511068853955e-6*x1**2 - 30.006584*x2 + 30.004813611544)/(x1**2*(x0 - 10.0019008484014)),25,35,49.403082847595215,1.0_0.1_0.9_5,afteronce,False,True,False,False
