dataset,seed,train_rmse,test_rmse,train_r2,test_r2,model,simpl_model,size,simpl_size,runtime,coeff_mut,gom_coeff_mut_strat,ims,linear_scaling,data_standardization,quick_test
vladislavleva-5,7,0.0008662003026574149,0.0029060256758725836,0.9999978682057908,0.9999760057317335,-0.000009+-2.987345*(((exp((x0/8.858651))*((x0+-1.000378)*(x2+-1.000059)))/(x1*(x1-exp(-8.186134))))),-(9.0e-6*x1*(x1 - 0.000278488442099083) + 2.987345*(x0 - 1.000378)*(x2 - 1.000059)*exp(0.112884004573608*x0))/(x1*(x1 - 0.000278488442099083)),19,29,34.59632754325867,0.5_0.1_0.1_5,afterfossize,False,True,False,False
