dataset,seed,train_rmse,test_rmse,train_r2,test_r2,model,simpl_model,size,simpl_size,runtime,coeff_mut,gom_coeff_mut_strat,ims,linear_scaling,data_standardization,quick_test
vladislavleva-5,0,0.021825934123068515,0.053513616965709276,0.9986465123544155,0.9918635075195804,0.000177+-0.017090*((((sqrt(-0.993410)/(0.007885+0.000108))/exp((1.472272*x1)))*(((x0--1.246941)-log(0.013226))*((1.012131-x0)*(0.997068-x2))))),(-2.13106410231059*I*(x0 - 1.012131)*(x0 + 5.57251168972967)*(x2 - 0.997068) + 0.000177*exp(1.472272*x1))*exp(-1.472272*x1),26,24,38.3617000579834,0.5_0.9_0.1_5,afterfossize,False,True,False,False
