dataset,seed,train_rmse,test_rmse,train_r2,test_r2,model,simpl_model,size,simpl_size,runtime,coeff_mut,gom_coeff_mut_strat,ims,linear_scaling,data_standardization,quick_test
vladislavleva-5,0,0.0009674374574007328,0.003260206930045513,0.9999973407791162,0.9999698005559244,-0.000002+-7.109903*(((((x2+x0)-(x0*x2))-cos(0.000000))/(sqrt((x0+-5.580487))*((x1-x1)-(x1*x1))))),(-3.00973061079285*x0*x2 + 3.00973061079285*x0 - 2.0e-6*x1**2*sqrt(0.179195830041357*x0 - 1) + 3.00973061079285*x2 - 3.00973061079285)/(x1**2*sqrt(0.179195830041357*x0 - 1)),23,35,36.39681339263916,1.0_0.9_0.1_5,afterfossize,False,True,False,False
