dataset,seed,train_rmse,test_rmse,train_r2,test_r2,model,simpl_model,size,simpl_size,runtime,coeff_mut,gom_coeff_mut_strat,ims,linear_scaling,data_standardization,quick_test
vladislavleva-5,8,1.3675946393946946e-05,2.018264165223444e-05,0.9999999994685977,0.9999999988426502,-0.000026+11.283260*(((((x0+x2)-(x0*x2))-sin(1.565310))/(((x1*x1)/(-2.658401/x0))+((x1*x1)*sqrt(14.146288))))),(-9.78031530984227e-6*x0*x1**2 + 11.28326*x0*x2 - 11.28326*x0 + 9.779003368442e-5*x1**2 - 11.28326*x2 + 11.2830901885945)/(x1**2*(0.376165973455472*x0 - 3.76115514170846)),25,34,35.82031846046448,0.5_0.1_0.1_-1,afterfossize,False,True,False,False
