dataset,seed,train_rmse,test_rmse,train_r2,test_r2,model,simpl_model,size,simpl_size,runtime,coeff_mut,gom_coeff_mut_strat,ims,linear_scaling,data_standardization,quick_test
vladislavleva-5,1,0.007362820772814026,0.018051814223618304,0.999845972923032,0.9990741293297782,0.000477+-4.396738*(((((x0-0.998407)*(x2+-0.999806))/(exp(x1)+-1.249489))/sin(sqrt((x0--2.873798))))),(-4.396738*(x0 - 0.998407)*(x2 - 0.999806) + (0.000477*exp(x1) - 0.000596006253)*sin(1.6952280082632*sqrt(0.347971569330899*x0 + 1)))/((exp(x1) - 1.249489)*sin(1.6952280082632*sqrt(0.347971569330899*x0 + 1))),18,45,40.868486166000366,0.5_0.9_0.1_5,interleaved,False,True,False,False
