dataset,seed,train_rmse,test_rmse,train_r2,test_r2,model,simpl_model,size,simpl_size,runtime,coeff_mut,gom_coeff_mut_strat,ims,linear_scaling,data_standardization,quick_test
vladislavleva-5,7,1.3043006705091806e-05,2.6661360012015175e-05,0.9999999995166474,0.9999999979803634,0.000001+-1.353366*(((((x0*x2)-(x0+x2))+cos((-0.000054*-0.000001)))/(x1*((x1*-0.045100)*(x0+-10.002303))))),(30.0081152993348*x0*x2 - 30.0081152993348*x0 + x1**2*(1.0e-6*x0 - 1.0002303e-5) - 30.0081152993348*x2 + 30.0081152993348)/(x1**2*(x0 - 10.002303)),22,30,33.94631481170654,1.0_0.9_0.1_-1,interleaved,False,True,False,False
