dataset,seed,train_rmse,test_rmse,train_r2,test_r2,model,simpl_model,size,simpl_size,runtime,coeff_mut,gom_coeff_mut_strat,ims,linear_scaling,data_standardization,quick_test
vladislavleva-5,9,0.03444953860256332,0.1172629548009844,0.9966280941868688,0.9609311810583389,0.000379+186.250328*((((log(x0)/x1)/((3.565363*x1)/sqrt(x0)))*(((-2.943956/3.066854)+x2)/((3.869000/-0.258104)+(x0-x2))))),(-52.2388121490014*sqrt(x0)*(x2 - 0.959927013154196)*log(x0) + x1**2*(-0.000379*x0 + 0.000379*x2 + 0.00568124089514304))/(x1**2*(-x0 + x2 + 14.9900815175278)),25,35,35.92331004142761,0.5_0.9_0.1_5,within,False,True,False,False
