dataset,seed,train_rmse,test_rmse,train_r2,test_r2,model,simpl_model,size,simpl_size,runtime,coeff_mut,gom_coeff_mut_strat,ims,linear_scaling,data_standardization,quick_test
vladislavleva-5,0,0.007957637118800476,0.02237356853943179,0.9998200810626718,0.9985777395503258,0.000219+0.015369*((((x0-sin(7.705528))/((x1*x1)/exp(8.961073)))*((x2-sin(7.837329))/((4.284187*-9.159000)+exp(x0))))),(x1**2*(0.000219*exp(x0) - 0.008593312252527) + 119.781615580384*(x0 - 0.98900098169678)*(x2 - 0.999861348095033))/(x1**2*(exp(x0) - 39.238868733)),23,29,59.48116159439087,1.0_0.1_0.1_5,within,False,True,False,False
