dataset,seed,train_rmse,test_rmse,train_r2,test_r2,model,simpl_model,size,simpl_size,runtime,coeff_mut,gom_coeff_mut_strat,ims,linear_scaling,data_standardization,quick_test
vladislavleva-5,9,0.00018041409258067357,0.00046456252477500754,0.9999999075196355,0.999999386807319,0.000013+-22.976335*(((((x2*x0)-(x0+x2))+cos((-0.000140/-3.107212)))*((sqrt(-0.000091)-(1.330965/x1))/((-0.012500-x1)*(9.999169-x0))))),(1.3e-5*x1*(x0 - 9.999169)*(x1 + 0.0125) - 22.976335*(0.00953939201416946*I*x1 - 1.330965)*(x0*x2 - x0 - x2 + 0.999999998984957))/(x1*(x0 - 9.999169)*(x1 + 0.0125)),27,43,55.47252559661865,1.0_0.9_0.1_-1,within,False,True,False,False
