dataset,seed,train_rmse,test_rmse,train_r2,test_r2,model,simpl_model,size,simpl_size,runtime,coeff_mut,gom_coeff_mut_strat,ims,linear_scaling,data_standardization,quick_test
vladislavleva-5,2,0.0002992989529859644,0.0005767803272309161,0.9999997454817016,0.9999990547874179,0.000228+-12.770304*(((((x2+x0)-(x0*x2))-sqrt(sqrt(1.000495)))/(sqrt((1.932071/10.784375))*((x1*x1)*(x0-10.049912))))),(30.1708249718643*x0*x2 - 30.1708249718643*x0 + x1**2*(0.000228*x0 - 0.002291379936) - 30.1708249718643*x2 + 30.1745579185978)/(x1**2*(x0 - 10.049912)),24,30,35.51740598678589,1.0_0.1_0.1_-1,afterfossize,False,True,False,False
