dataset,seed,train_rmse,test_rmse,train_r2,test_r2,model,simpl_model,size,simpl_size,runtime,coeff_mut,gom_coeff_mut_strat,ims,linear_scaling,data_standardization,quick_test
vladislavleva-5,6,0.001883767144805029,0.005850508669085818,0.9999899176202295,0.9999027485981475,-0.000002+0.017068*((((x0+sin(4.702797))/cos((-7.560650/-4.696697)))*(((x2-0.999993)*(7.841240+x0))/((x1*x1)/sin(7.332404))))),-(2.0e-6*x1**2 + 0.0147985398117285*(x0 + 7.84124)*(25.6581082789199*x0 - 25.6569279368896)*(x2 - 0.999993))/x1**2,24,24,43.57905292510986,0.5_0.1_0.1_-1,interleaved,False,True,False,False
