dataset,seed,train_rmse,test_rmse,train_r2,test_r2,model,simpl_model,size,simpl_size,runtime,coeff_mut,gom_coeff_mut_strat,ims,linear_scaling,data_standardization,quick_test
vladislavleva-5,0,0.03475558832268325,0.0772309428895563,0.9965679160313902,0.983053060074245,0.003056+0.605394*(((((x1-4.034039)/(x1-0.464009))*(x2-(-7.337185+8.342377)))*(x0-sin(log(6.228513))))),(0.003056*x1 + 0.605394*(x0 - 0.9668150696459)*(x1 - 4.034039)*(x2 - 1.005192) - 0.001418011504)/(x1 - 0.464009),19,22,40.283968925476074,0.5_0.1_0.9_5,interleaved,False,True,False,False
