gen,time,evals,best_fit,best_size,pop_size
1,2.171473,56111,4.009581,17,1024
2,4.811383,131253,2.845842,16,1024
3,7.661012,210189,2.097364,14,1024
4,10.592723,294912,1.754657,14,1024
5,13.955567,376014,1.754657,14,1024
6,17.15227,450406,1.688842,20,1024
7,21.085444,544046,1.688842,20,1024
8,24.791027,637371,1.676613,20,1024
9,28.483652,731320,1.676613,20,1024
10,32.123347,827619,1.676613,20,1024
11,35.579752,921276,1.673254,20,1024
12,38.819725,1009899,1.605328,21,1024
