gen,time,evals,best_fit,best_size,pop_size
1,2.162198,57503,2.785448,14,1024
2,4.727382,138343,2.118005,20,1024
3,7.324845,224994,1.802406,20,1024
4,9.874848,311574,1.745654,20,1024
5,12.740265,393626,1.743,25,1024
6,16.02987,485747,1.693146,27,1024
7,19.855997,585331,1.54275,19,1024
8,23.87467,689063,1.523446,19,1024
9,27.924351,790752,1.513282,19,1024
10,31.676028,887556,1.456603,24,1024
11,35.458734,982738,1.441662,24,1024
12,39.017506,1077640,1.430349,24,1024
