gen,time,evals,best_fit,best_size,pop_size
1,2.221755,59032,2.469737,15,1024
2,4.732236,136397,1.770297,20,1024
3,7.243568,209597,1.770297,19,1024
4,10.038763,291993,1.770297,19,1024
5,13.588721,386494,1.770297,19,1024
6,17.512612,488585,1.759961,19,1024
7,21.363962,586467,1.730736,18,1024
8,24.963404,682511,1.710269,20,1024
9,28.803471,779181,1.613915,22,1024
10,32.660515,878169,1.587857,23,1024
11,36.849213,978505,1.544922,23,1024
12,40.813079,1073429,1.508026,22,1024
