gen,time,evals,best_fit,best_size,pop_size
1,2.249224,60414,2.448121,12,1024
2,4.947666,138049,2.213899,9,1024
3,7.50215,212259,1.764097,9,1024
4,10.29267,300519,1.764097,9,1024
5,13.47013,393449,1.72958,14,1024
6,16.489277,489827,1.716386,14,1024
7,19.231764,580962,1.549405,21,1024
8,21.783485,671698,1.524115,22,1024
9,24.244361,763328,1.508331,22,1024
10,26.632872,850938,1.48555,23,1024
11,29.076664,934303,1.477039,24,1024
12,31.757758,1019680,1.454798,23,1024
