gen,time,evals,best_fit,best_size,pop_size
1,1.568602,59392,1.804536,19,1024
2,3.429627,137844,1.674933,22,1024
3,5.389193,222303,1.674933,22,1024
4,7.229469,314311,1.674933,22,1024
5,9.073975,400272,1.674933,22,1024
6,10.875526,477554,1.668552,22,1024
7,13.138852,569216,1.654589,21,1024
8,15.524941,671141,1.61387,21,1024
9,17.729213,765147,1.611662,21,1024
10,19.816208,860810,1.611662,21,1024
11,21.918539,955212,1.510447,17,1024
12,23.951969,1050689,1.487547,25,1024
