gen,time,evals,best_fit,best_size,pop_size
1,1.984433,54793,2.229452,10,1024
2,4.403337,128172,2.229452,10,1024
3,7.030737,206418,1.762502,14,1024
4,10.385327,291471,1.750085,18,1024
5,13.865732,377158,1.747611,20,1024
6,16.89913,460879,1.743205,19,1024
7,20.096543,554146,1.53295,21,1024
8,23.135786,651016,1.53295,21,1024
9,25.889977,733794,1.53295,21,1024
10,28.97916,826000,1.530537,19,1024
11,33.285604,923321,1.530537,19,1024
12,37.70328,1018210,1.476636,22,1024
