gen,time,evals,best_fit,best_size,pop_size
1,2.132062,57292,1.803756,14,1024
2,4.756599,135593,1.763027,14,1024
3,7.062425,206285,1.762773,18,1024
4,9.395392,286728,1.754361,16,1024
5,11.69317,360301,1.747635,22,1024
6,14.424789,454440,1.70792,15,1024
7,17.213626,553621,1.703262,19,1024
8,20.021361,647194,1.501539,21,1024
9,22.924318,740254,1.456736,21,1024
10,25.723512,832800,1.449859,23,1024
11,28.595913,924131,1.443891,23,1024
12,31.545445,1014854,1.44067,23,1024
