gen,time,evals,best_fit,best_size,pop_size
1,2.245901,57652,2.814731,14,1024
2,4.786361,137354,2.31327,16,1024
3,7.845714,218595,1.86368,17,1024
4,10.670941,308577,1.757984,17,1024
5,13.822073,398736,1.757984,17,1024
6,17.471813,494709,1.715302,20,1024
7,22.05181,597709,1.703655,19,1024
8,26.109703,700472,1.677445,23,1024
9,30.074781,796555,1.576703,25,1024
10,33.934115,889978,1.576703,25,1024
11,37.615454,973292,1.523579,26,1024
12,41.066326,1051178,1.519148,26,1024
