gen,time,evals,best_fit,best_size,pop_size
1,2.293329,61387,2.86795,21,1024
2,5.164865,145342,1.960981,15,1024
3,7.903359,223004,1.747501,17,1024
4,11.02958,313886,1.746548,19,1024
5,14.593275,409639,1.718236,23,1024
6,18.309576,506186,1.657322,17,1024
7,21.933728,600654,1.630542,18,1024
8,25.323827,690782,1.630542,18,1024
9,28.724533,779065,1.540671,17,1024
10,32.182897,870012,1.540051,17,1024
11,35.878211,963341,1.538001,17,1024
12,39.628686,1054543,1.538001,17,1024
