gen,time,evals,best_fit,best_size,pop_size
1,2.183968,58470,1.790907,22,1024
2,4.970205,138377,1.770077,22,1024
3,7.704077,217668,1.760019,20,1024
4,10.505719,303785,1.726951,20,1024
5,13.561943,387147,1.616112,23,1024
6,16.729939,478475,1.519574,19,1024
7,20.177718,575111,1.422157,23,1024
8,23.406029,664360,1.415641,22,1024
9,26.660953,751875,1.415641,22,1024
10,29.821826,837108,1.41251,21,1024
11,33.070303,921115,1.411352,21,1024
12,36.324891,1005597,1.411352,21,1024
