gen,time,evals,best_fit,best_size,pop_size
1,2.219444,61712,2.328454,14,1024
2,4.725228,138648,1.820019,17,1024
3,7.153588,211933,1.773199,19,1024
4,9.761542,291023,1.743827,23,1024
5,12.57999,372615,1.637442,19,1024
6,15.882746,473051,1.538106,20,1024
7,18.934108,570816,1.538106,20,1024
8,21.961928,667118,1.519055,19,1024
9,24.926884,761888,1.454404,22,1024
10,28.12299,857929,1.44594,22,1024
11,31.506049,954270,1.419082,23,1024
12,35.109774,1048386,1.411687,23,1024
