gen,time,evals,best_fit,best_size,pop_size
1,2.294722,62952,2.834887,20,1024
2,4.967346,145642,1.9214,23,1024
3,7.686475,228761,1.698253,23,1024
4,10.362277,312120,1.681914,23,1024
5,13.599127,384111,1.622092,21,1024
6,17.04828,484456,1.610154,21,1024
7,20.496955,574628,1.487094,23,1024
8,23.660138,662504,1.429078,26,1024
9,26.976131,749088,1.393901,26,1024
10,30.208491,835452,1.393901,26,1024
11,33.443605,921369,1.39348,26,1024
12,36.431969,1004943,1.393461,26,1024
