gen,time,evals,best_fit,best_size,pop_size
1,2.0474,53195,2.332922,7,1024
2,4.573491,131157,2.23111,22,1024
3,7.298479,204579,2.119919,14,1024
4,10.026832,295735,1.854682,9,1024
5,12.813402,391941,1.734216,9,1024
6,15.636748,484807,1.733342,9,1024
7,18.356765,576821,1.73334,9,1024
8,20.711225,659534,1.733338,9,1024
9,23.012687,737618,1.733338,9,1024
10,25.213411,810846,1.733338,9,1024
11,27.375425,881451,1.733338,9,1024
12,29.467765,949422,1.733338,9,1024
13,31.484596,1012090,1.733338,9,1024
