gen,time,evals,best_fit,best_size,pop_size
1,2.161737,59679,2.598372,16,1024
2,4.627361,136094,1.787989,16,1024
3,7.052579,209402,1.781008,16,1024
4,9.442582,288920,1.74531,24,1024
5,12.119374,372001,1.665614,29,1024
6,14.982597,467381,1.663292,29,1024
7,18.040114,567552,1.612849,17,1024
8,20.915392,665725,1.546613,21,1024
9,23.867869,763427,1.468835,17,1024
10,27.006243,864021,1.468835,17,1024
11,30.171319,960142,1.468835,17,1024
12,33.132309,1054600,1.466519,17,1024
