gen,time,evals,best_fit,best_size,pop_size
1,1.530054,58613,2.231943,16,1024
2,3.247234,134904,1.860336,22,1024
3,4.899551,205949,1.808517,13,1024
4,6.443769,278483,1.757281,22,1024
5,8.227226,349594,1.757281,22,1024
6,10.437625,439966,1.707566,22,1024
7,12.924437,538569,1.704006,22,1024
8,15.357451,637395,1.704006,22,1024
9,18.494483,733981,1.639747,15,1024
10,20.904743,833875,1.633394,18,1024
11,23.463905,934401,1.569565,19,1024
12,25.956452,1034342,1.463659,18,1024
