dataset,seed,train_rmse,test_rmse,train_r2,test_r2,model,simpl_model,size,simpl_size,runtime,coeff_mut,gom_coeff_mut_strat,ims,linear_scaling,data_standardization,quick_test
vladislavleva-7,9,1.2749477709814137,1.341704512141603,0.8755845604784932,0.8622145843264463,-0.067139+48.715245*(((((x1*-0.320211)-log(-0.379099))/((24.880884/3.577963)+(-55.036023+x1)))*(((-2.668858+x0)*(5.928425-2.990531))+log(sin(x0))))),(-0.067139*x1 + (2.937894*x0 + log(sin(x0)) - 7.840821905052)*(-15.599157316695*x1 + 47.2517364600097 - 48.715245*I*pi) + 3.22818402180838)/(x1 - 48.0820986581329),26,29,41.10740876197815,1.0_0.9_0.1_5,afterfossize,False,True,False,False
