dataset,seed,train_rmse,test_rmse,train_r2,test_r2,model,simpl_model,size,simpl_size,runtime,coeff_mut,gom_coeff_mut_strat,ims,linear_scaling,data_standardization,quick_test
vladislavleva-7,0,1.208308231182957,1.255817187602217,0.888250662250035,0.8792902541558247,8.642735+-1.004074*(((((x0+x1)*log(-18.268328))-((x0*x1)+(x0/-14.069752)))-cos(((x1-x0)/cos(-19.452271))))),1.004074*x0*x1 - 0.0713640155135641*x0 - 1.004074*(2.90516885005537 + I*pi)*(x0 + x1) + 1.004074*cos(1.21388756399592*x0 - 1.21388756399592*x1) + 8.642735,22,29,68.19774103164673,1.0_0.1_0.1_5,within,False,True,False,False
