dataset,seed,train_rmse,test_rmse,train_r2,test_r2,model,simpl_model,size,simpl_size,runtime,coeff_mut,gom_coeff_mut_strat,ims,linear_scaling,data_standardization,quick_test
vladislavleva-7,8,1.3083405089990792,1.3411367843989188,0.8689819695024772,0.8623311644711209,-0.027488+0.002253*((((exp(x1)/(x0-0.256055))/(-7.017669/(x0/x1)))+(((-43.238036-11.292167)+(x0*18.173741))*((x0--22.715543)*(-2.966452+x1))))),(-0.000321046774933386*x0*exp(x1) + x1*(x0 - 0.256055)*(0.002253*(x0 + 22.715543)*(18.173741*x0 - 54.530203)*(x1 - 2.966452) - 0.027488))/(x1*(x0 - 0.256055)),28,35,41.12101149559021,0.5_0.1_0.9_5,afterfossize,False,True,False,False
