dataset,seed,train_rmse,test_rmse,train_r2,test_r2,model,simpl_model,size,simpl_size,runtime,coeff_mut,gom_coeff_mut_strat,ims,linear_scaling,data_standardization,quick_test
vladislavleva-7,1,1.2885440556939924,1.3542572208175352,0.872916831676994,0.8596243404039554,8.472842+-319.628741*(((((x0*-0.369758)*(2.870662-x1))-x1)/((19.783578-(137.450501-x1))-(log(1.585010)-(x0*x1))))),(8.472842*x0*x1 - 118.185284014678*x0*(x1 - 2.870662) + 328.101583*x1 - 1000.87575957238)/(x0*x1 + x1 - 118.127513716458),22,24,36.284690141677856,0.5_0.9_0.1_5,interleaved,False,True,False,False
