dataset,seed,train_rmse,test_rmse,train_r2,test_r2,model,simpl_model,size,simpl_size,runtime,coeff_mut,gom_coeff_mut_strat,ims,linear_scaling,data_standardization,quick_test
vladislavleva-7,2,1.1773245552852463,1.2640926628183586,0.8939081813136047,0.8776941271831961,-0.056993+0.348114*(((((x1-3.017842)/(-0.000844/11.254589))*(-0.000201*(x0-2.928834)))+(cos((x0-x1))*sqrt((x0*x1))))),0.933049619697092*x0*x1 - 2.81579633040591*x0 - 2.73274744985591*x1 + 0.348114*sqrt(x0*x1)*cos(x0 - x1) + 8.19000702956807,23,25,25.18355369567871,0.5_0.9_0.1_-1,interleaved,False,True,False,False
