dataset,seed,train_rmse,test_rmse,train_r2,test_r2,model,simpl_model,size,simpl_size,runtime,coeff_mut,gom_coeff_mut_strat,ims,linear_scaling,data_standardization,quick_test
vladislavleva-7,8,1.3084707946109473,1.2961510545676889,0.8689558744392086,0.8714119160105005,-0.655670+-0.385827*(((((8.105825+x0)-(3.744901*x0))*(x1-log(-17.952667)))-sqrt(((x1-x0)+(2.546181*1.149313))))),-0.385827*(2.744901*x0 - 8.105825)*(-x1 + 2.88773868328465 + I*pi) + 0.660018961075507*sqrt(-0.34172158169569*x0 + 0.34172158169569*x1 + 1) - 0.65567,21,29,37.96813607215881,0.5_0.1_0.1_-1,interleaved,False,True,False,False
