dataset,seed,train_rmse,test_rmse,train_r2,test_r2,model,simpl_model,size,simpl_size,runtime,coeff_mut,gom_coeff_mut_strat,ims,linear_scaling,data_standardization,quick_test
vladislavleva-7,1,1.2843087269083668,1.2993513734041218,0.8737508806595218,0.8707761399407148,-0.026417+1.648069*(((x1-sqrt((5.938662+x1)))*(((x0*x0)-(8.654855+1.692962))/((x0--4.745547)+sin(x0))))),(-0.026417*x0 + 1.648069*(x0**2 - 10.347817)*(x1 - 2.43693701190654*sqrt(0.168388098194509*x1 + 1)) - 0.026417*sin(x0) - 0.125363115099)/(x0 + sin(x0) + 4.745547),21,35,33.46035099029541,0.5_0.1_0.1_5,within,False,True,False,False
