dataset,seed,train_rmse,test_rmse,train_r2,test_r2,model,simpl_model,size,simpl_size,runtime,coeff_mut,gom_coeff_mut_strat,ims,linear_scaling,data_standardization,quick_test
vladislavleva-7,6,1.1786655570854667,1.3060955396536564,0.893666361259235,0.8694312089954368,-0.025251+-0.695302*(((((x1--1.360812)*(2.906969-x0))*log((x1/-3.114764)))-cos(((x0-x1)/cos(-2.557607))))),0.695302*(x0 - 2.906969)*(x1 + 1.360812)*(log(-x1) - 1.13615338692949) + 0.695302*cos(1.19865015927814*x0 - 1.19865015927814*x1) - 0.025251,20,26,40.97091817855835,1.0_0.9_0.1_5,interleaved,False,True,False,False
