dataset,seed,train_rmse,test_rmse,train_r2,test_r2,model,simpl_model,size,simpl_size,runtime,coeff_mut,gom_coeff_mut_strat,ims,linear_scaling,data_standardization,quick_test
vladislavleva-7,2,1.1628737855219446,1.227118050037816,0.89649659173044,0.8847443620894395,-0.021844+1.016132*((((x0-log(19.340659))/(cos(3.141590)/(2.972715-x1)))+(sin((x1+5.487244))*sin((22.790701/x0))))),1.016132*(x0 - 2.96220956390171)*(1.00000000000352*x1 - 2.97271500001047) + 1.016132*sin(22.790701/x0)*sin(x1 + 5.487244) - 0.021844,21,24,62.08576726913452,0.5_0.1_0.1_-1,within,False,True,False,False
