dataset,seed,train_rmse,test_rmse,train_r2,test_r2,model,simpl_model,size,simpl_size,runtime,coeff_mut,gom_coeff_mut_strat,ims,linear_scaling,data_standardization,quick_test
vladislavleva-7,9,1.3276457560039057,1.3128540873076537,0.8650869647150656,0.8680764251304163,6.066078+1.044641*(((((17.637465-x0)/(8.128837+x1))+((x0/x0)+(x0*x1)))-(((26.913158/9.748085)*(x0+x1))+(sqrt(x0)/(-26.123695/-9.642744))))),(-1.044641*x0 + (x1 + 8.128837)*(-0.385596514386805*sqrt(x0) + 1.044641*x0*x1 - 2.88411398610886*x0 - 2.88411398610886*x1 + 7.110719) + 18.424819075065)/(x1 + 8.128837),30,32,49.879746198654175,0.5_0.1_0.1_-1,afteronce,False,True,False,False
