dataset,seed,train_rmse,test_rmse,train_r2,test_r2,model,simpl_model,size,simpl_size,runtime,coeff_mut,gom_coeff_mut_strat,ims,linear_scaling,data_standardization,quick_test
vladislavleva-7,8,1.2490211427627045,1.2514579872479163,0.8805931971835392,0.8801268165173307,-0.014863+-4.416948*(((((3.068039-x0)/(-0.053091+25.525199))*((x0*0.000067)-(x1+-3.155613)))*(sin((0.070297+x0))-(sqrt(36.899735)-sin(x1))))),4.416948*(0.0392586275152414*x0 - 0.120447000303234)*(6.7e-5*x0 - x1 + 3.155613)*(sin(x1) + sin(x0 + 0.070297) - 6.07451520699389) - 0.014863,26,25,37.86207985877991,1.0_0.9_0.1_5,interleaved,False,True,False,False
