dataset,seed,train_rmse,test_rmse,train_r2,test_r2,model,simpl_model,size,simpl_size,runtime,coeff_mut,gom_coeff_mut_strat,ims,linear_scaling,data_standardization,quick_test
vladislavleva-7,2,1.1857068060089635,1.2589068248535817,0.8923921100269031,0.8786955687075393,-0.013187+0.699102*(((((x0+-2.953768)/sin(15.006756))*(sin(2.020980)*(x1+-3.031109)))+(cos((x1-x0))-cos((x0/0.348450))))),0.975676495786699*x0*x1 - 2.95738180746752*x0 - 2.88192201160688*x1 - 0.699102*cos(2.86985220261157*x0) + 0.699102*cos(x0 - x1) + 8.72223274667973,23,26,42.27352833747864,0.5_0.1_0.1_-1,interleaved,False,True,False,False
