dataset,seed,train_rmse,test_rmse,train_r2,test_r2,model,simpl_model,size,simpl_size,runtime,coeff_mut,gom_coeff_mut_strat,ims,linear_scaling,data_standardization,quick_test
vladislavleva-7,1,1.2780599476460222,1.3088691424597656,0.8749764172715353,0.868876072747446,-0.007593+19.671525*((cos(sqrt((25.127164-x0)))*(((x1/-1.961858)+sqrt(-2.287950))-(cos(x1)/(30.035411/x0))))),-19.671525*(0.0332940341652059*x0*cos(x1) + 0.509720887036676*x1 - 1.51259710432091*I)*cos(5.0127002703134*sqrt(1 - 0.039797567286145*x0)) - 0.007593,19,26,52.452465295791626,1.0_0.1_0.9_5,within,False,True,False,False
