gen,time,evals,best_fit,best_size,pop_size
1,1.173332,72983,0.003347,23,1024
2,2.548198,159025,0.000145,23,1024
3,4.062882,253038,0.000144,23,1024
4,5.673154,349699,2e-06,8,1024
5,7.431535,449945,0.0,15,1024
6,9.06998,545587,0.0,11,1024
7,10.561082,630321,0.0,11,1024
8,12.118759,715910,0.0,11,1024
9,13.639124,803766,0.0,11,1024
10,15.141875,886286,0.0,12,1024
11,16.628548,966313,0.0,12,1024
12,18.097875,1045301,0.0,12,1024
