gen,time,evals,best_fit,best_size,pop_size
1,1.069912,59033,0.026429,16,1024
2,2.201315,132696,0.003146,12,1024
3,3.487734,213529,2e-06,12,1024
4,4.87496,301133,0.0,13,1024
5,6.288313,384360,0.0,13,1024
6,7.589902,463766,0.0,11,1024
7,9.019437,547800,0.0,13,1024
8,10.395728,630265,0.0,13,1024
9,11.762635,709843,0.0,12,1024
10,13.052365,785608,0.0,12,1024
11,14.369776,860591,0.0,10,1024
12,15.649754,935428,0.0,10,1024
13,16.938664,1008347,0.0,10,1024
