gen,time,evals,best_fit,best_size,pop_size
1,1.174196,72410,0.000369,11,1024
2,2.523546,158608,4e-06,8,1024
3,3.923328,254257,0.0,14,1024
4,5.394632,352125,0.0,11,1024
5,6.910111,450709,0.0,13,1024
6,8.429789,546245,0.0,13,1024
7,9.947671,640435,0.0,13,1024
8,11.494123,733093,0.0,13,1024
9,13.056459,825139,0.0,13,1024
10,14.606881,913703,0.0,17,1024
11,16.163356,1003425,0.0,17,1024
