gen,time,evals,best_fit,best_size,pop_size
1,1.350288,74331,0.01254,21,1024
2,2.873381,164448,3.9e-05,11,1024
3,4.458085,257862,0.0,8,1024
4,6.114529,355267,0.0,16,1024
5,7.796027,450794,0.0,12,1024
6,9.392253,535195,0.0,8,1024
7,11.001974,618250,0.0,11,1024
8,12.652106,703626,0.0,11,1024
9,14.301678,789829,0.0,9,1024
10,15.931387,877341,0.0,10,1024
11,17.578424,963338,0.0,16,1024
12,19.208252,1049535,0.0,14,1024
