gen,time,evals,best_fit,best_size,pop_size
1,1.099717,59901,0.000203,13,1024
2,2.321625,133421,6.1e-05,24,1024
3,3.568417,211749,2e-06,14,1024
4,4.910503,293964,0.0,14,1024
5,6.178066,366176,0.0,17,1024
6,7.459123,436543,0.0,7,1024
7,8.760567,508327,0.0,7,1024
8,10.098513,581304,0.0,13,1024
9,11.447854,653356,0.0,12,1024
10,12.801205,726196,0.0,15,1024
11,14.15822,799075,0.0,15,1024
12,15.547149,874011,0.0,15,1024
13,16.933179,949337,0.0,15,1024
14,18.398756,1028745,0.0,15,1024
