gen,time,evals,best_fit,best_size,pop_size
1,1.259773,73019,0.025281,14,1024
2,2.821149,164428,0.010902,10,1024
3,4.365584,261144,0.0,18,1024
4,5.929929,352934,0.0,16,1024
5,7.276987,426590,0.0,18,1024
6,8.892013,521785,0.0,8,1024
7,10.557004,614824,0.0,14,1024
8,12.188131,707815,0.0,11,1024
9,13.858224,802275,0.0,19,1024
10,15.47402,894199,0.0,19,1024
11,17.051506,980094,0.0,13,1024
12,18.686681,1068184,0.0,19,1024
