gen,time,evals,best_fit,best_size,pop_size
1,1.258442,74994,0.000326,10,1024
2,2.754995,166999,1.7e-05,10,1024
3,4.288849,264725,0.0,17,1024
4,5.885973,364618,0.0,11,1024
5,7.430891,459521,0.0,8,1024
6,8.945205,550262,0.0,8,1024
7,10.424818,638268,0.0,11,1024
8,11.914252,725687,0.0,11,1024
9,13.479168,814871,0.0,7,1024
10,15.023095,902038,0.0,7,1024
11,16.515975,984308,0.0,7,1024
12,18.056734,1069024,0.0,7,1024
