gen,time,evals,best_fit,best_size,pop_size
1,0.594814,27530,0.044105,11,1024
2,1.219767,63146,0.023427,21,1024
3,1.853029,100855,0.001371,12,1024
4,2.508785,137725,0.001371,18,1024
5,3.132554,173706,0.001371,18,1024
6,3.789457,211129,0.001371,18,1024
7,4.414764,246007,0.001371,18,1024
8,5.028798,279535,0.001371,16,1024
9,5.683157,314864,2.7e-05,17,1024
10,6.301333,347043,6e-06,10,1024
11,6.835091,372818,6e-06,10,1024
12,7.322288,395665,5e-06,14,1024
13,7.772294,417272,2e-06,8,1024
14,8.214983,437263,2e-06,12,1024
15,8.699492,458459,2e-06,15,1024
16,9.170982,476556,2e-06,12,1024
17,9.661103,498057,2e-06,15,1024
18,10.130948,517060,2e-06,15,1024
19,10.602245,534941,2e-06,17,1024
20,11.063632,552536,2e-06,13,1024
21,11.555694,571963,2e-06,16,1024
22,12.030693,591084,1e-06,16,1024
23,12.486836,609329,1e-06,16,1024
24,12.949985,628957,1e-06,20,1024
25,13.407242,647504,1e-06,20,1024
26,13.889266,668647,1e-06,20,1024
27,14.359559,687605,0.0,24,1024
28,14.838773,705503,0.0,21,1024
29,15.302562,721927,0.0,20,1024
30,15.745821,737355,0.0,20,1024
31,16.211037,753478,0.0,23,1024
32,16.676584,769834,0.0,23,1024
33,17.125281,785167,0.0,20,1024
34,17.576563,801040,0.0,22,1024
35,18.047156,818631,0.0,22,1024
36,18.527993,838106,0.0,20,1024
37,19.042235,861784,0.0,20,1024
38,19.522275,882271,0.0,20,1024
39,20.020101,902222,0.0,20,1024
40,20.473869,918143,0.0,21,1024
41,20.847183,924944,0.0,20,1024
42,21.194938,928299,0.0,20,1024
43,21.600286,935452,0.0,20,1024
44,21.966286,940104,0.0,20,1024
45,22.337117,944930,0.0,20,1024
46,22.703243,951902,0.0,21,1024
47,23.100535,960823,0.0,21,1024
48,23.590634,979100,0.0,21,1024
49,24.165982,1006824,0.0,21,1024
