gen,time,evals,best_fit,best_size,pop_size
1,1.024417,57792,0.039028,13,1024
2,2.218949,129681,0.001049,15,1024
3,3.45898,207895,2e-06,8,1024
4,4.759463,290007,0.0,17,1024
5,6.133832,380535,0.0,8,1024
6,7.513587,467120,0.0,13,1024
7,8.867015,554248,0.0,13,1024
8,10.190338,638607,0.0,13,1024
9,11.545623,722917,0.0,17,1024
10,12.85632,803247,0.0,18,1024
11,14.175449,884076,0.0,14,1024
12,15.415204,958811,0.0,13,1024
13,16.664012,1030559,0.0,20,1024
