gen,time,evals,best_fit,best_size,pop_size
1,1.267956,74053,0.000219,15,1024
2,2.72517,161574,0.0,14,1024
3,4.218773,255336,0.0,16,1024
4,5.857306,353643,0.0,14,1024
5,7.480495,452186,0.0,10,1024
6,9.101822,547866,0.0,15,1024
7,10.68194,636283,0.0,10,1024
8,12.272464,725853,0.0,14,1024
9,13.916696,815367,0.0,14,1024
10,15.538205,906146,0.0,13,1024
11,17.151653,995735,0.0,9,1024
12,18.758931,1082585,0.0,19,1024
