gen,time,evals,best_fit,best_size,pop_size
1,1.311173,76174,0.001724,8,1024
2,2.787892,165159,0.000514,13,1024
3,4.239383,257807,1e-06,21,1024
4,5.870398,355700,0.0,13,1024
5,7.529527,455719,0.0,11,1024
6,9.139868,548322,0.0,17,1024
7,10.797614,638412,0.0,10,1024
8,12.376977,723341,0.0,11,1024
9,13.916407,803415,0.0,12,1024
10,15.488879,885564,0.0,13,1024
11,17.159812,968699,0.0,14,1024
12,18.837933,1052439,0.0,21,1024
