gen,time,evals,best_fit,best_size,pop_size
1,1.035997,57747,0.018356,12,1024
2,2.197638,131771,0.003969,12,1024
3,3.365575,207969,0.000462,21,1024
4,4.688033,290246,0.000116,23,1024
5,6.116221,380949,8e-06,9,1024
6,7.577105,471025,0.0,20,1024
7,8.937896,557820,0.0,13,1024
8,10.198162,640772,0.0,13,1024
9,11.417961,720456,0.0,13,1024
10,12.614729,799113,0.0,14,1024
11,13.784502,876387,0.0,14,1024
12,14.943932,952794,0.0,14,1024
13,16.159918,1029270,0.0,14,1024
