gen,time,evals,best_fit,best_size,pop_size
1,0.979705,60915,7e-06,17,1024
2,2.044859,131970,7e-06,17,1024
3,3.15405,208911,7e-06,17,1024
4,4.256997,283702,0.0,17,1024
5,5.380973,362830,0.0,8,1024
6,6.555561,447171,0.0,12,1024
7,7.741503,529301,0.0,18,1024
8,8.907258,611190,0.0,18,1024
9,9.988491,690768,0.0,14,1024
10,11.031154,766372,0.0,16,1024
11,12.097797,842088,0.0,16,1024
12,13.193016,916383,0.0,16,1024
13,14.323358,991197,0.0,20,1024
14,15.493042,1064841,0.0,20,1024
