gen,time,evals,best_fit,best_size,pop_size
1,1.181134,71187,0.002639,10,1024
2,2.515875,158172,0.000936,19,1024
3,3.885169,252315,0.000936,19,1024
4,5.271436,347075,0.0,10,1024
5,6.651682,438116,0.0,10,1024
6,8.053322,535595,0.0,10,1024
7,9.238562,619450,0.0,10,1024
8,10.314984,689482,0.0,10,1024
9,11.389401,756256,0.0,10,1024
10,12.491442,824533,0.0,12,1024
11,13.623819,894355,0.0,16,1024
12,14.868803,970197,0.0,10,1024
13,16.259519,1054427,0.0,21,1024
