gen,time,evals,best_fit,best_size,pop_size
1,1.222459,72762,0.004851,18,1024
2,2.655889,161792,0.000122,17,1024
3,4.119834,255550,1e-06,19,1024
4,5.732959,354048,0.0,20,1024
5,7.451602,455546,0.0,17,1024
6,9.104976,548671,0.0,20,1024
7,10.784272,639215,0.0,21,1024
8,12.508546,729009,0.0,12,1024
9,14.203243,812930,0.0,18,1024
10,15.879228,894826,0.0,18,1024
11,17.567783,976025,0.0,14,1024
12,19.232306,1056578,0.0,16,1024
