gen,time,evals,best_fit,best_size,pop_size
1,1.024677,58657,0.000117,14,1024
2,2.146395,129288,0.0,14,1024
3,3.312337,204317,0.0,12,1024
4,4.58608,283796,0.0,17,1024
5,5.965491,370104,0.0,14,1024
6,7.289643,448641,0.0,15,1024
7,8.631694,526529,0.0,11,1024
8,10.015835,607846,0.0,15,1024
9,11.371349,688117,0.0,11,1024
10,12.69426,766589,0.0,11,1024
11,14.050896,843513,0.0,18,1024
12,15.353962,917047,0.0,18,1024
13,16.658157,990522,0.0,13,1024
14,17.953388,1065503,0.0,13,1024
