gen,time,evals,best_fit,best_size,pop_size
1,1.338193,73330,0.052323,12,1024
2,2.754582,158859,0.000353,7,1024
3,4.30494,256448,0.000131,7,1024
4,5.970055,354577,0.0,12,1024
5,7.591807,451622,0.0,10,1024
6,9.168427,546162,0.0,11,1024
7,10.791367,639773,0.0,10,1024
8,12.431197,730023,0.0,14,1024
9,14.114751,818876,0.0,11,1024
10,15.760893,908376,0.0,10,1024
11,17.454787,998531,0.0,10,1024
12,19.117989,1088905,0.0,13,1024
