gen,time,evals,best_fit,best_size,pop_size
1,1.049503,56668,0.000363,8,1024
2,2.22214,125128,0.000326,13,1024
3,3.42187,199436,0.0,8,1024
4,4.576792,268059,0.0,15,1024
5,5.702555,337227,0.0,12,1024
6,6.967949,415515,0.0,15,1024
7,8.261958,497653,0.0,15,1024
8,9.55256,577882,0.0,19,1024
9,10.853994,656459,0.0,17,1024
10,12.109013,733061,0.0,17,1024
11,13.368805,809975,0.0,17,1024
12,14.61532,885896,0.0,17,1024
13,15.88363,957709,0.0,17,1024
14,17.147795,1028181,0.0,17,1024
