gen,time,evals,best_fit,best_size,pop_size
1,1.22607,72668,0.000242,14,1024
2,2.615276,160743,7e-06,9,1024
3,4.056862,255210,0.0,9,1024
4,5.663226,353642,0.0,14,1024
5,7.240073,452404,0.0,16,1024
6,8.689243,542573,0.0,9,1024
7,10.059384,622245,0.0,10,1024
8,11.478879,706014,0.0,13,1024
9,12.911196,792015,0.0,10,1024
10,14.318195,876442,0.0,8,1024
11,15.706338,958901,0.0,8,1024
12,17.080038,1040082,0.0,12,1024
