gen,time,evals,best_fit,best_size,pop_size
1,1.220483,72273,0.00037,9,1024
2,2.60524,158351,0.0,13,1024
3,4.110368,256444,0.0,18,1024
4,5.732111,355663,0.0,10,1024
5,7.37949,455901,0.0,10,1024
6,8.974881,551244,0.0,12,1024
7,10.431144,635229,0.0,10,1024
8,11.935319,720720,0.0,12,1024
9,13.440964,807282,0.0,12,1024
10,14.926275,894978,0.0,21,1024
11,16.276256,981956,0.0,10,1024
12,17.234048,1065224,0.0,14,1024
