gen,time,evals,best_fit,best_size,pop_size
1,1.20225,74467,0.018685,11,1024
2,2.585929,163707,0.010021,10,1024
3,4.013414,259276,0.000764,10,1024
4,5.505173,356703,0.000764,10,1024
5,7.038413,454318,0.00012,10,1024
6,8.575655,546557,0.0,18,1024
7,10.114629,631119,0.0,11,1024
8,11.741789,718058,0.0,11,1024
9,13.384671,805450,0.0,16,1024
10,15.04449,894485,0.0,18,1024
11,16.680401,982742,0.0,21,1024
12,18.338979,1072260,0.0,21,1024
