gen,time,evals,best_fit,best_size,pop_size
1,1.18977,72504,0.006338,8,1024
2,2.578056,160849,1e-06,9,1024
3,4.055326,256578,0.0,8,1024
4,5.559532,352260,0.0,8,1024
5,7.130516,450717,0.0,10,1024
6,8.647412,540827,0.0,13,1024
7,10.143124,629057,0.0,9,1024
8,11.689876,716329,0.0,9,1024
9,13.165909,798762,0.0,9,1024
10,14.670981,882454,0.0,15,1024
11,16.178397,963390,0.0,15,1024
12,17.702271,1049360,0.0,13,1024
