gen,time,evals,best_fit,best_size,pop_size
1,1.259753,75090,0.021732,14,1024
2,2.700356,166208,0.015965,14,1024
3,4.185398,260211,0.015883,14,1024
4,5.662884,351837,6e-06,16,1024
5,7.289328,451507,2e-06,14,1024
6,8.917918,549658,0.0,12,1024
7,10.536785,643833,0.0,12,1024
8,12.052683,726580,0.0,14,1024
9,13.603544,809875,0.0,14,1024
10,15.111821,895872,0.0,14,1024
11,16.588855,980359,0.0,13,1024
12,18.098366,1062900,0.0,13,1024
