gen,time,evals,best_fit,best_size,pop_size
1,1.28375,72705,0.037537,12,1024
2,2.734258,161456,6.7e-05,10,1024
3,4.253936,259617,0.0,13,1024
4,5.858558,357763,0.0,16,1024
5,7.507057,458731,0.0,17,1024
6,9.160071,553945,0.0,17,1024
7,10.715108,642169,0.0,15,1024
8,12.203385,728013,0.0,14,1024
9,13.825158,814863,0.0,14,1024
10,15.428379,902091,0.0,19,1024
11,17.066433,992385,0.0,17,1024
12,18.748917,1082488,0.0,20,1024
