gen,time,evals,best_fit,best_size,pop_size
1,1.201406,73400,0.007619,21,1024
2,2.577786,160624,2.5e-05,14,1024
3,4.022714,256522,2e-06,8,1024
4,5.536106,355729,0.0,17,1024
5,7.117937,453677,0.0,8,1024
6,8.601332,541203,0.0,8,1024
7,10.056351,627862,0.0,12,1024
8,11.532612,714128,0.0,12,1024
9,12.986888,802154,0.0,14,1024
10,14.46764,892883,0.0,13,1024
11,15.965615,982682,0.0,13,1024
12,17.514143,1071964,0.0,13,1024
