gen,time,evals,best_fit,best_size,pop_size
1,1.266146,75066,5e-06,16,1024
2,2.71125,163675,4e-06,11,1024
3,4.219756,260702,0.0,12,1024
4,5.778886,358965,0.0,16,1024
5,7.318884,454667,0.0,17,1024
6,8.803408,538209,0.0,12,1024
7,10.325787,622096,0.0,10,1024
8,11.805348,703934,0.0,15,1024
9,13.316851,786112,0.0,13,1024
10,14.874099,868547,0.0,16,1024
11,16.473708,951034,0.0,16,1024
12,18.057423,1036016,0.0,15,1024
