gen,time,evals,best_fit,best_size,pop_size
1,1.244448,71248,0.015474,19,1024
2,2.641983,162509,0.001245,18,1024
3,4.09852,259468,1.4e-05,8,1024
4,5.60318,353877,0.0,8,1024
5,7.004038,439607,0.0,11,1024
6,8.429609,528975,0.0,14,1024
7,9.949157,620673,0.0,16,1024
8,11.498789,711943,0.0,8,1024
9,13.036247,802039,0.0,10,1024
10,14.660785,891184,0.0,15,1024
11,16.283164,981982,0.0,12,1024
12,17.86119,1071305,0.0,15,1024
