gen,time,evals,best_fit,best_size,pop_size
1,1.01918,59374,0.00073,8,1024
2,2.103854,128829,1e-05,8,1024
3,3.344754,208488,0.0,18,1024
4,4.622454,290679,0.0,18,1024
5,6.019857,382816,0.0,19,1024
6,7.332526,469681,0.0,14,1024
7,8.639936,553946,0.0,12,1024
8,9.966116,639167,0.0,18,1024
9,11.335435,724348,0.0,18,1024
10,12.701783,810261,0.0,18,1024
11,14.142833,898861,0.0,18,1024
12,15.589085,986934,0.0,18,1024
13,17.084172,1074747,0.0,18,1024
