gen,time,evals,best_fit,best_size,pop_size
1,1.115655,57235,0.000949,9,1024
2,2.258056,125114,0.000129,12,1024
3,3.452987,197609,3e-06,10,1024
4,4.70769,274726,0.0,12,1024
5,6.03364,356147,0.0,14,1024
6,7.390494,440227,0.0,19,1024
7,8.724793,522360,0.0,13,1024
8,9.96487,596603,0.0,11,1024
9,11.184406,669534,0.0,8,1024
10,12.406638,738131,0.0,13,1024
11,13.609325,809424,0.0,17,1024
12,14.819896,881286,0.0,22,1024
13,16.009889,952544,0.0,8,1024
14,17.213872,1023630,0.0,8,1024
