gen,time,evals,best_fit,best_size,pop_size
1,1.299092,75001,7e-06,13,1024
2,2.784912,163277,7e-06,13,1024
3,4.305234,259064,7e-06,13,1024
4,5.900833,356045,7e-06,20,1024
5,7.490736,454064,7e-06,24,1024
6,9.173049,551458,0.0,12,1024
7,10.888194,643683,0.0,13,1024
8,12.552733,731615,0.0,14,1024
9,14.306663,821432,0.0,20,1024
10,16.020615,911036,0.0,23,1024
11,17.780313,1001919,0.0,14,1024
