gen,time,evals,best_fit,best_size,pop_size
1,1.326879,75138,0.000398,16,1024
2,2.73667,161132,1e-06,11,1024
3,4.224151,253772,1e-06,11,1024
4,5.895193,353589,0.0,18,1024
5,7.448838,450515,0.0,17,1024
6,8.943994,540331,0.0,17,1024
7,10.445162,623173,0.0,12,1024
8,11.915499,705583,0.0,8,1024
9,13.394777,786959,0.0,14,1024
10,14.890381,867200,0.0,8,1024
11,16.362502,950332,0.0,8,1024
12,17.793686,1032090,0.0,9,1024
