gen,time,evals,best_fit,best_size,pop_size
1,1.251429,74665,0.018397,17,1024
2,2.60591,162723,1e-06,11,1024
3,4.044159,257664,0.0,13,1024
4,5.528351,351228,0.0,6,1024
5,7.079266,451127,0.0,6,1024
6,8.421213,542060,0.0,11,1024
7,9.66005,624487,0.0,6,1024
8,10.885666,706258,0.0,6,1024
9,12.120737,789105,0.0,6,1024
10,13.338528,869204,0.0,6,1024
11,14.548166,942652,0.0,6,1024
12,15.679946,1005621,0.0,6,1024
