gen,time,evals,best_fit,best_size,pop_size
1,1.145343,58893,0.013467,9,1024
2,2.400066,133502,9.8e-05,10,1024
3,3.670822,213535,9.8e-05,10,1024
4,4.977897,295996,0.0,10,1024
5,6.368093,381093,0.0,10,1024
6,7.633485,455113,0.0,10,1024
7,8.851713,530153,0.0,10,1024
8,9.998793,599716,0.0,15,1024
9,11.077218,655828,0.0,15,1024
10,12.220876,717062,0.0,10,1024
11,13.409754,785560,0.0,10,1024
12,14.710024,862760,0.0,10,1024
13,16.011139,939471,0.0,10,1024
14,17.361921,1016761,0.0,10,1024
