gen,time,evals,best_fit,best_size,pop_size
1,1.252939,75590,0.026969,15,1024
2,2.718356,165484,0.000404,15,1024
3,4.250803,262886,0.000404,15,1024
4,5.896142,361605,0.0,15,1024
5,7.59458,462630,0.0,13,1024
6,9.276608,561097,0.0,9,1024
7,10.837048,648115,0.0,9,1024
8,12.390575,733786,0.0,13,1024
9,13.962347,820753,0.0,16,1024
10,15.499199,906039,0.0,16,1024
11,17.003025,990066,0.0,16,1024
12,18.542373,1073717,0.0,19,1024
