gen,time,evals,best_fit,best_size,pop_size
1,0.974999,55143,0.028206,16,1024
2,2.088379,125331,0.006323,19,1024
3,3.221182,198101,0.000673,15,1024
4,4.232691,256483,2e-06,19,1024
5,5.335218,321269,0.0,19,1024
6,6.66911,411351,0.0,16,1024
7,7.936803,492509,0.0,20,1024
8,9.222392,574617,0.0,20,1024
9,10.52598,657203,0.0,16,1024
10,11.859357,740763,0.0,16,1024
11,13.230342,826360,0.0,16,1024
12,14.659276,911501,0.0,21,1024
13,16.101102,993609,0.0,19,1024
14,17.538302,1072542,0.0,19,1024
