gen,time,evals,best_fit,best_size,pop_size
1,1.276399,72966,2.8e-05,8,1024
2,2.646992,161749,2.8e-05,8,1024
3,4.117305,258271,0.0,6,1024
4,5.553288,354782,0.0,8,1024
5,7.06433,454069,0.0,8,1024
6,8.407836,547160,0.0,6,1024
7,9.754047,636601,0.0,6,1024
8,11.048468,722663,0.0,8,1024
9,12.298003,794989,0.0,6,1024
10,13.478521,858404,0.0,6,1024
11,14.666965,922479,0.0,6,1024
12,15.848151,987966,0.0,9,1024
13,17.125704,1056030,0.0,13,1024
