gen,time,evals,best_fit,best_size,pop_size
1,1.244651,72951,0.009301,9,1024
2,2.702103,160518,0.000207,11,1024
3,4.179829,251503,0.000171,9,1024
4,5.80494,347846,2e-06,13,1024
5,7.470012,445603,0.0,8,1024
6,9.069381,534334,0.0,11,1024
7,10.682721,620692,0.0,12,1024
8,12.271714,708530,0.0,12,1024
9,13.901141,799811,0.0,12,1024
10,15.540184,892758,0.0,12,1024
11,17.131365,980861,0.0,14,1024
12,18.714354,1063689,0.0,15,1024
