gen,time,evals,best_fit,best_size,pop_size
1,1.099075,60162,0.042794,9,1024
2,2.212069,128344,0.001319,12,1024
3,3.379372,202139,3e-06,13,1024
4,4.607095,277668,0.0,12,1024
5,6.011513,367909,0.0,16,1024
6,7.387005,451349,0.0,16,1024
7,8.751328,533293,0.0,12,1024
8,10.098855,613660,0.0,14,1024
9,11.435694,690538,0.0,15,1024
10,12.704269,765966,0.0,15,1024
11,14.023197,840325,0.0,15,1024
12,15.347011,917759,0.0,14,1024
13,16.668593,988216,0.0,13,1024
14,17.984384,1058227,0.0,15,1024
