gen,time,evals,best_fit,best_size,pop_size
1,1.246904,71998,0.020794,16,1024
2,2.633673,155723,0.002873,14,1024
3,4.131339,247588,1.2e-05,20,1024
4,5.718421,344735,0.0,14,1024
5,7.31263,442872,0.0,8,1024
6,8.864712,536311,0.0,12,1024
7,10.397045,627975,0.0,11,1024
8,11.985352,720630,0.0,17,1024
9,13.458447,804607,0.0,13,1024
10,14.936454,889518,0.0,10,1024
11,16.410483,974583,0.0,12,1024
12,17.860097,1061608,0.0,8,1024
