gen,time,evals,best_fit,best_size,pop_size
1,0.83945,70290,0.0,13,1024
2,1.864111,159941,0.0,14,1024
3,2.888538,253847,0.0,14,1024
4,3.953447,347571,0.0,12,1024
5,5.073751,444842,0.0,10,1024
6,6.174776,532819,0.0,12,1024
7,7.295523,618967,0.0,14,1024
8,8.421931,707371,0.0,15,1024
9,9.57794,798145,0.0,12,1024
10,10.763393,889740,0.0,20,1024
11,11.974946,978347,0.0,16,1024
12,13.199081,1067574,0.0,18,1024
