gen,time,evals,best_fit,best_size,pop_size
1,1.271421,71806,0.017826,18,1024
2,2.680683,158048,0.000715,13,1024
3,4.173155,252748,0.0,15,1024
4,5.759097,350052,0.0,11,1024
5,7.441086,447129,0.0,10,1024
6,9.084601,539856,0.0,11,1024
7,10.760856,630968,0.0,10,1024
8,12.471139,723169,0.0,13,1024
9,14.193321,815585,0.0,19,1024
10,15.919691,906439,0.0,23,1024
11,17.658129,999360,0.0,23,1024
12,19.466584,1092221,0.0,23,1024
