gen,time,evals,best_fit,best_size,pop_size
1,1.309114,74608,0.00199,16,1024
2,2.810248,162035,9e-05,20,1024
3,4.380371,255744,9e-05,20,1024
4,6.029864,353736,5.2e-05,14,1024
5,7.651225,447186,2e-06,8,1024
6,9.264206,544529,0.0,12,1024
7,10.872892,636512,0.0,12,1024
8,12.467003,726897,0.0,13,1024
9,14.041891,816257,0.0,14,1024
10,15.633426,900685,0.0,14,1024
11,17.107411,982809,0.0,11,1024
12,18.598745,1068839,0.0,11,1024
