gen,time,evals,best_fit,best_size,pop_size
1,1.272139,74644,0.001937,10,1024
2,2.705944,163711,3.4e-05,14,1024
3,4.242351,259789,2e-06,14,1024
4,5.904184,358758,1e-06,10,1024
5,7.596772,458889,0.0,10,1024
6,9.271982,553921,0.0,10,1024
7,10.888298,643213,0.0,13,1024
8,12.479575,728502,0.0,10,1024
9,14.066428,815643,0.0,12,1024
10,15.591268,900186,0.0,13,1024
11,17.085806,979808,0.0,15,1024
12,18.622552,1063245,0.0,15,1024
