gen,time,evals,best_fit,best_size,pop_size
1,1.297987,73913,0.00049,8,1024
2,2.719914,161170,0.0,8,1024
3,4.173158,252381,0.0,8,1024
4,5.795622,351753,0.0,8,1024
5,7.448348,450725,0.0,10,1024
6,9.078778,547046,0.0,14,1024
7,10.562609,638269,0.0,10,1024
8,11.961052,719797,0.0,11,1024
9,13.392158,806372,0.0,12,1024
10,14.820124,892899,0.0,15,1024
11,16.226937,975778,0.0,10,1024
12,17.585173,1056053,0.0,12,1024
