gen,time,evals,best_fit,best_size,pop_size
1,1.209272,72727,0.007149,19,1024
2,2.604969,162773,6e-06,14,1024
3,4.051364,261378,2e-06,11,1024
4,5.533146,358775,0.0,12,1024
5,7.085834,458078,0.0,18,1024
6,8.611762,553365,0.0,11,1024
7,10.108294,646243,0.0,12,1024
8,11.572404,734411,0.0,11,1024
9,12.996327,820670,0.0,9,1024
10,14.367203,899619,0.0,10,1024
11,15.7728,978257,0.0,11,1024
12,17.181708,1052070,0.0,14,1024
