gen,time,evals,best_fit,best_size,pop_size
1,1.304482,72314,7e-06,15,1024
2,2.751794,157373,7e-06,16,1024
3,4.330228,254540,1e-06,8,1024
4,5.982324,352489,0.0,8,1024
5,7.686065,450086,0.0,13,1024
6,9.364654,545120,0.0,15,1024
7,10.994432,637568,0.0,13,1024
8,12.632486,726934,0.0,15,1024
9,14.26539,815712,0.0,16,1024
10,15.912166,901328,0.0,19,1024
11,17.518618,985631,0.0,12,1024
12,19.164178,1069253,0.0,10,1024
