gen,time,evals,best_fit,best_size,pop_size
1,1.267584,72201,0.031398,14,1024
2,2.696403,160984,0.00202,9,1024
3,4.26364,259081,0.000489,9,1024
4,5.835002,357232,0.0,16,1024
5,7.233827,441006,0.0,9,1024
6,8.636391,522790,0.0,11,1024
7,10.17036,612991,0.0,11,1024
8,11.828301,708185,0.0,9,1024
9,13.473632,801563,0.0,9,1024
10,15.13099,896208,0.0,9,1024
11,16.663788,986995,0.0,9,1024
12,18.080742,1068432,0.0,10,1024
