gen,time,evals,best_fit,best_size,pop_size
1,1.033755,58145,0.001447,13,1024
2,2.163829,128418,0.00011,9,1024
3,3.319906,205878,1e-06,15,1024
4,4.573745,289739,0.0,15,1024
5,5.816887,375172,0.0,15,1024
6,6.928503,452287,0.0,10,1024
7,8.026765,527641,0.0,15,1024
8,9.050883,594491,0.0,8,1024
9,10.099966,663441,0.0,15,1024
10,11.189101,735452,0.0,15,1024
11,12.310705,811248,0.0,16,1024
12,13.4323,887036,0.0,15,1024
13,14.588622,967430,0.0,15,1024
14,15.733813,1045595,0.0,15,1024
