gen,time,evals,best_fit,best_size,pop_size
1,0.671244,57228,0.019769,17,1024
2,1.490384,128344,1e-06,9,1024
3,2.297621,203258,1e-06,9,1024
4,3.158412,280694,1e-06,9,1024
5,4.05422,365778,0.0,9,1024
6,4.949867,448053,0.0,9,1024
7,5.843286,531907,0.0,17,1024
8,6.717068,615438,0.0,18,1024
9,7.604535,697615,0.0,18,1024
10,8.494819,778943,0.0,12,1024
11,9.397346,861201,0.0,12,1024
12,10.284128,943742,0.0,18,1024
13,11.141976,1020637,0.0,18,1024
