gen,time,evals,best_fit,best_size,pop_size
1,1.30582,71206,0.000842,14,1024
2,2.7761,159249,0.000411,16,1024
3,4.361403,255966,2e-06,18,1024
4,6.033869,355823,0.0,13,1024
5,7.75836,456304,0.0,9,1024
6,9.476564,551650,0.0,8,1024
7,11.150419,641640,0.0,11,1024
8,12.743306,726415,0.0,13,1024
9,14.364258,812300,0.0,18,1024
10,16.028233,897013,0.0,16,1024
11,17.589732,973432,0.0,17,1024
12,19.180788,1047845,0.0,16,1024
