gen,time,evals,best_fit,best_size,pop_size
1,1.195883,73319,0.037437,11,1024
2,2.610321,162465,4.1e-05,8,1024
3,4.034577,254431,6e-06,8,1024
4,5.549882,351061,0.0,11,1024
5,6.968831,443079,0.0,9,1024
6,8.501471,536819,0.0,11,1024
7,9.940361,620817,0.0,10,1024
8,11.371024,706019,0.0,12,1024
9,12.827135,790645,0.0,12,1024
10,14.259743,874179,0.0,12,1024
11,15.667104,954261,0.0,13,1024
12,17.057638,1033993,0.0,13,1024
