gen,time,evals,best_fit,best_size,pop_size
1,0.998412,58126,0.021785,12,1024
2,2.159667,131152,0.009081,13,1024
3,3.304982,206393,0.00023,15,1024
4,4.505355,283197,0.000229,15,1024
5,5.79113,365644,0.000162,10,1024
6,7.045,437677,9e-06,12,1024
7,8.345294,510551,2e-06,15,1024
8,9.72113,596421,0.0,13,1024
9,11.090777,678502,0.0,15,1024
10,12.409311,758210,0.0,15,1024
11,13.703903,836475,0.0,15,1024
12,15.015353,915538,0.0,15,1024
13,16.286451,993482,0.0,15,1024
14,17.53231,1069852,0.0,15,1024
