gen,time,evals,best_fit,best_size,pop_size
1,1.22369,73175,0.030357,14,1024
2,2.64474,164857,0.000221,10,1024
3,4.159581,263337,0.000221,10,1024
4,5.732319,360604,0.000209,9,1024
5,7.406443,460927,0.0,10,1024
6,8.988958,558033,0.0,10,1024
7,10.512127,651046,0.0,9,1024
8,12.030473,743270,0.0,12,1024
9,13.573476,834795,0.0,12,1024
10,15.145746,927132,0.0,12,1024
11,16.785559,1020293,0.0,12,1024
