gen,time,evals,best_fit,best_size,pop_size
1,0.725161,59299,0.020611,13,1024
2,1.602943,128974,0.000543,14,1024
3,2.443362,202488,6e-06,13,1024
4,3.306978,273256,6e-06,11,1024
5,4.194328,349359,2e-06,9,1024
6,5.201346,436150,0.0,13,1024
7,6.203442,518362,0.0,14,1024
8,7.182076,599141,0.0,13,1024
9,8.16708,681065,0.0,15,1024
10,9.162665,763532,0.0,15,1024
11,10.161878,846413,0.0,17,1024
12,11.163356,930057,0.0,16,1024
13,12.196562,1014473,0.0,16,1024
