gen,time,evals,best_fit,best_size,pop_size
1,1.245117,74756,0.027827,16,1024
2,2.612926,162860,1.3e-05,8,1024
3,4.089058,258789,1e-06,8,1024
4,5.604638,355200,0.0,8,1024
5,7.150082,454933,0.0,8,1024
6,8.583296,549231,0.0,8,1024
7,9.787208,629858,0.0,8,1024
8,10.95765,707748,0.0,8,1024
9,12.135434,785634,0.0,8,1024
10,13.328714,863750,0.0,8,1024
11,14.508855,946562,0.0,8,1024
12,15.661218,1025039,0.0,8,1024
