gen,time,evals,best_fit,best_size,pop_size
1,1.225787,72290,0.008002,10,1024
2,2.687849,162541,0.000186,10,1024
3,4.22664,260723,5e-06,10,1024
4,5.808991,359706,0.0,8,1024
5,7.426678,458469,0.0,14,1024
6,8.936731,552030,0.0,11,1024
7,10.402113,642616,0.0,8,1024
8,11.878206,731010,0.0,10,1024
9,13.274725,816903,0.0,10,1024
10,14.574762,897605,0.0,10,1024
11,15.759147,965483,0.0,8,1024
12,16.966696,1033299,0.0,8,1024
