gen,time,evals,best_fit,best_size,pop_size
1,1.178495,71167,0.028955,9,1024
2,2.502797,157056,5e-06,6,1024
3,3.898892,248917,5e-06,6,1024
4,5.397284,346074,3e-06,18,1024
5,6.993329,446283,0.0,19,1024
6,8.592998,546545,0.0,11,1024
7,10.133986,640885,0.0,12,1024
8,11.784638,735028,0.0,12,1024
9,13.397906,823895,0.0,10,1024
10,15.064095,913901,0.0,12,1024
11,16.717621,1002337,0.0,10,1024
