gen,time,evals,best_fit,best_size,pop_size
1,0.884948,73166,0.021468,11,1024
2,1.924529,158669,0.019863,10,1024
3,3.019778,255806,0.019412,17,1024
4,4.120953,352589,0.019155,11,1024
5,5.219189,448053,7e-05,19,1024
6,6.267843,542211,0.0,8,1024
7,7.297508,631140,0.0,9,1024
8,8.387981,719413,0.0,8,1024
9,9.472995,806227,0.0,14,1024
10,10.575358,894083,0.0,14,1024
11,11.696034,982239,0.0,12,1024
12,12.843142,1072944,0.0,13,1024
