gen,time,evals,best_fit,best_size,pop_size
1,0.911632,74457,0.013878,9,1024
2,1.980961,162320,8.7e-05,9,1024
3,3.094885,258225,1e-06,9,1024
4,4.250795,357279,1e-06,9,1024
5,5.402945,456414,1e-06,9,1024
6,6.538277,552208,0.0,14,1024
7,7.660889,641325,0.0,9,1024
8,8.756107,727832,0.0,9,1024
9,9.86881,816578,0.0,11,1024
10,10.952371,901575,0.0,17,1024
11,11.979402,981552,0.0,17,1024
12,12.938136,1052729,0.0,11,1024
