gen,time,evals,best_fit,best_size,pop_size
1,1.226902,71545,0.025102,17,1024
2,2.676947,161070,0.001749,12,1024
3,4.284051,258689,3e-06,10,1024
4,5.815442,354062,0.0,12,1024
5,7.377974,451188,0.0,9,1024
6,8.915057,543737,0.0,12,1024
7,10.416658,633197,0.0,12,1024
8,11.908522,719643,0.0,12,1024
9,13.383632,803236,0.0,13,1024
10,14.817886,885497,0.0,11,1024
11,16.2925,969643,0.0,12,1024
12,17.718127,1048088,0.0,11,1024
