gen,time,evals,best_fit,best_size,pop_size
1,1.034727,59514,0.028403,13,1024
2,2.182429,129932,0.000112,20,1024
3,3.326517,203146,3e-06,8,1024
4,4.485457,276725,1e-06,8,1024
5,5.712888,356859,0.0,8,1024
6,6.889532,435906,0.0,8,1024
7,8.030734,510337,0.0,8,1024
8,9.185089,585593,0.0,19,1024
9,10.369777,662286,0.0,8,1024
10,11.568675,740777,0.0,8,1024
11,12.770193,819640,0.0,12,1024
12,13.938429,893887,0.0,12,1024
13,15.079499,968434,0.0,14,1024
14,16.237264,1043913,0.0,14,1024
