gen,time,evals,best_fit,best_size,pop_size
1,1.276164,73240,1.7e-05,18,1024
2,2.714082,160698,4e-06,16,1024
3,4.256603,255329,0.0,12,1024
4,5.886276,353885,0.0,12,1024
5,7.568866,454885,0.0,24,1024
6,9.197195,550009,0.0,11,1024
7,10.799274,639970,0.0,9,1024
8,12.476114,728619,0.0,8,1024
9,14.160993,817612,0.0,11,1024
10,15.835189,905496,0.0,24,1024
11,17.567012,992911,0.0,15,1024
12,19.288934,1080467,0.0,22,1024
