gen,time,evals,best_fit,best_size,pop_size
1,1.088054,60217,1.6e-05,9,1024
2,2.289353,133810,1.6e-05,9,1024
3,3.581097,214745,3e-06,17,1024
4,4.905263,298007,0.0,13,1024
5,6.217092,379796,0.0,8,1024
6,7.434861,452388,0.0,8,1024
7,8.637216,526147,0.0,12,1024
8,9.792458,595718,0.0,8,1024
9,10.972145,666301,0.0,13,1024
10,12.206982,743886,0.0,9,1024
11,13.594272,830290,0.0,9,1024
12,14.971678,906991,0.0,17,1024
13,16.337127,987489,0.0,14,1024
14,17.626556,1065758,0.0,17,1024
