gen,time,evals,best_fit,best_size,pop_size
1,1.244228,70812,0.001307,8,1024
2,2.615874,158113,0.001307,8,1024
3,4.1099,256583,4.3e-05,10,1024
4,5.692498,354895,4.3e-05,10,1024
5,7.317574,455625,1e-06,10,1024
6,8.930522,554807,1e-06,13,1024
7,10.596405,654620,1e-06,21,1024
8,12.241774,750838,0.0,21,1024
9,13.910758,844453,0.0,19,1024
10,15.479095,937709,0.0,10,1024
11,17.013345,1032607,0.0,13,1024
