gen,time,evals,best_fit,best_size,pop_size
1,0.837013,72006,0.027178,22,1024
2,1.843715,161003,0.01301,11,1024
3,2.918212,256483,6e-06,16,1024
4,4.021727,351635,2e-06,12,1024
5,5.182525,451523,0.0,13,1024
6,6.353049,547895,0.0,13,1024
7,7.490642,641302,0.0,13,1024
8,8.569987,730954,0.0,15,1024
9,9.662267,820734,0.0,14,1024
10,10.763471,905634,0.0,14,1024
11,11.887091,989410,0.0,12,1024
12,12.95511,1067321,0.0,14,1024
