gen,time,evals,best_fit,best_size,pop_size
1,1.175729,70451,0.022026,15,1024
2,2.501973,155473,3.1e-05,17,1024
3,3.948519,249894,0.0,6,1024
4,5.514144,349052,0.0,18,1024
5,7.055251,447171,0.0,6,1024
6,8.365688,535095,0.0,6,1024
7,9.593135,619412,0.0,6,1024
8,10.806616,703939,0.0,6,1024
9,11.99277,779068,0.0,6,1024
10,13.154284,846751,0.0,6,1024
11,14.335533,922193,0.0,6,1024
12,15.461611,987183,0.0,6,1024
13,16.634852,1065739,0.0,6,1024
