gen,time,evals,best_fit,best_size,pop_size
1,1.178907,70372,0.031043,6,1024
2,2.5013,156134,0.0,15,1024
3,3.872084,247480,0.0,15,1024
4,5.347073,345976,0.0,18,1024
5,6.821673,440962,0.0,19,1024
6,8.248096,528805,0.0,18,1024
7,9.616856,613556,0.0,16,1024
8,10.99984,698156,0.0,16,1024
9,12.466942,783975,0.0,16,1024
10,13.999755,874003,0.0,17,1024
11,15.638824,967546,0.0,14,1024
12,17.290828,1059591,0.0,14,1024
