gen,time,evals,best_fit,best_size,pop_size
1,1.121693,59701,3e-06,11,1024
2,2.335197,129930,3e-06,11,1024
3,3.585608,205451,3e-06,12,1024
4,4.957107,288404,0.0,11,1024
5,6.350908,374245,0.0,16,1024
6,7.705109,455258,0.0,15,1024
7,8.960948,527797,0.0,15,1024
8,10.326405,609257,0.0,21,1024
9,11.676846,690038,0.0,20,1024
10,13.032983,768047,0.0,24,1024
11,14.437871,850960,0.0,16,1024
12,15.841777,935135,0.0,16,1024
13,17.240695,1016754,0.0,16,1024
