gen,time,evals,best_fit,best_size,pop_size
1,1.207056,73667,0.024494,13,1024
2,2.656774,164721,1.1e-05,13,1024
3,4.220655,261049,1e-06,16,1024
4,5.898601,360930,0.0,13,1024
5,7.607324,458497,0.0,9,1024
6,9.244052,548219,0.0,14,1024
7,10.84735,635856,0.0,16,1024
8,12.402431,720353,0.0,15,1024
9,13.909138,800379,0.0,15,1024
10,15.411218,879559,0.0,15,1024
11,16.887854,957170,0.0,16,1024
12,18.376673,1033819,0.0,16,1024
