gen,time,evals,best_fit,best_size,pop_size
1,1.271346,72671,0.000874,15,1024
2,2.705314,159377,6.7e-05,16,1024
3,4.21551,255096,0.0,16,1024
4,5.763587,352848,0.0,16,1024
5,7.26307,450501,0.0,8,1024
6,8.548608,532135,0.0,8,1024
7,9.792708,608543,0.0,15,1024
8,11.090955,686401,0.0,14,1024
9,12.385285,765227,0.0,13,1024
10,13.68963,846017,0.0,8,1024
11,15.022981,924685,0.0,8,1024
12,16.391355,1006505,0.0,15,1024
