gen,time,evals,best_fit,best_size,pop_size
1,1.115112,59918,0.001523,11,1024
2,2.276256,129803,5.3e-05,11,1024
3,3.50935,205590,5.3e-05,11,1024
4,4.865059,287821,5.3e-05,16,1024
5,6.279065,375374,2e-06,12,1024
6,7.649388,460541,1e-06,14,1024
7,8.975315,542108,0.0,15,1024
8,10.210617,617936,0.0,15,1024
9,11.447768,691214,0.0,15,1024
10,12.744844,769071,0.0,15,1024
11,14.054712,847243,0.0,18,1024
12,15.345901,926240,0.0,9,1024
13,16.646782,1007365,0.0,9,1024
