dataset,seed,train_rmse,test_rmse,train_r2,test_r2,model,simpl_model,size,simpl_size,runtime,coeff_mut,gom_coeff_mut_strat,ims,linear_scaling,data_standardization,quick_test
keijzer-3,1,0.0009341336385836221,0.0010082808580716735,0.999993295805177,0.9999921892695953,-3774091354785.695312+1.780258*((cos((x0+(5.198347*x0)))-(cos((x0*6.367905))-exp(28.382423)))),1.780258*cos(6.198347*x0) - 1.780258*cos(6.367905*x0) + 1995300.087891101837,14,14,41.00113534927368,0.5_0.9_0.1_-1,afteronce,False,True,False,False
