dataset,seed,train_rmse,test_rmse,train_r2,test_r2,model,simpl_model,size,simpl_size,runtime,coeff_mut,gom_coeff_mut_strat,ims,linear_scaling,data_standardization,quick_test
keijzer-3,2,2.5922406619715502e-05,2.423007156883749e-05,0.9999999948372721,0.9999999954893618,-0.000001+398496574992026432.000000*(((x0*cos(cos(-1.548962)))*(sin((x0*6.283214))/(log(x0)+exp(41.730204))))),(398401604663001993.534736*x0*sin(6.283214*x0) - 1.0e-6*log(x0) - 1327997709272.27)/(log(x0) + 1.32799770927227e+18),16,20,31.314239978790283,0.5_es,within,False,True,False,False
