dataset,seed,train_rmse,test_rmse,train_r2,test_r2,model,simpl_model,size,simpl_size,runtime,coeff_mut,gom_coeff_mut_strat,ims,linear_scaling,data_standardization,quick_test
keijzer-3,4,0.00016722765495337356,0.00015587311059763018,0.9999997851453276,0.9999998133315128,-0.000010+0.203653*(((sin((x0*6.283366))*((x0*-11.832000)/(-7.626898-0.404896)))+exp(((x0*x0)-(1.498876--17.226231))))),0.30001047038806*x0*sin(6.283366*x0) + 1.50203540220371e-9*exp(x0**2) - 1.0e-5,21,15,67.87122654914856,1.0_0.9_0.1_-1,afteronce,False,True,False,False
