dataset,seed,train_rmse,test_rmse,train_r2,test_r2,model,simpl_model,size,simpl_size,runtime,coeff_mut,gom_coeff_mut_strat,ims,linear_scaling,data_standardization,quick_test
keijzer-3,9,0.000576827805843962,0.0005400364384959916,0.9999974436460954,0.9999977593463408,1405227741161.181641+4.109661*(((cos((x0*-6.247176))-exp(26.557880))-cos((exp(-24.604586)+(6.320268*x0))))),4.109661*cos(6.247176*x0) - 4.109661*cos(6.320268*x0 + 2.0623580712809e-11) - 62424.16503867506981,15,16,25.06850028038025,0.5_0.9_0.1_-1,afteronce,False,True,False,False
