dataset,seed,train_rmse,test_rmse,train_r2,test_r2,model,simpl_model,size,simpl_size,runtime,coeff_mut,gom_coeff_mut_strat,ims,linear_scaling,data_standardization,quick_test
keijzer-3,1,1.2186051848227837e-06,1.1743707103647372e-06,0.9999999999885908,0.999999999989404,-1318464229.255978+-74691891.840024*(((sin((-6.283187*x0))*(x0*exp(-19.332855)))-17.652040)),0.299999971669862*x0*sin(6.283187*x0) + 33.17979919910431,11,9,17.796605587005615,0.5_es,interleaved,False,True,False,False
