gen,time,evals,best_fit,best_size,pop_size
1,0.938392,67035,0.003519,8,1024
2,2.022817,153454,0.001786,10,1024
3,3.129767,236940,0.001248,8,1024
4,4.320716,326825,0.000881,8,1024
5,5.484354,421715,0.000879,8,1024
6,6.590326,512808,0.000878,8,1024
7,7.639062,594515,0.000878,8,1024
8,8.691904,676172,0.000878,8,1024
9,9.729327,757461,0.000878,8,1024
10,10.74825,837301,0.000878,8,1024
11,11.803747,917032,0.000878,8,1024
12,12.815761,987223,0.000878,8,1024
13,13.807289,1051450,0.000878,8,1024
