gen,time,evals,best_fit,best_size,pop_size
1,0.655981,64361,0.006187,14,1024
2,1.428947,156201,0.003384,16,1024
3,2.225413,246263,0.002056,9,1024
4,3.037019,336704,0.000244,9,1024
5,3.863568,432973,7.9e-05,9,1024
6,4.66898,525315,6.4e-05,9,1024
7,5.433348,609319,6.1e-05,9,1024
8,6.182171,688661,6.1e-05,9,1024
9,6.936841,768889,6.1e-05,9,1024
10,7.676328,849426,6.1e-05,9,1024
11,8.432114,929662,6.1e-05,9,1024
12,9.165331,1008504,6.1e-05,9,1024
