gen,time,evals,best_fit,best_size,pop_size
1,0.998007,65928,0.008394,7,1024
2,2.109209,150969,0.004491,9,1024
3,3.305451,242936,0.004188,9,1024
4,4.516198,330983,0.002202,10,1024
5,5.76809,415730,0.000687,20,1024
6,7.010077,510004,0.00067,16,1024
7,8.205468,597316,0.000669,16,1024
8,9.501761,685812,0.000669,14,1024
9,10.691868,776465,0.000669,14,1024
10,11.817896,865353,0.000669,14,1024
11,12.901116,945775,0.000645,16,1024
12,13.953563,1015470,0.000644,16,1024
