gen,time,evals,best_fit,best_size,pop_size
1,0.675447,65528,0.004377,8,1024
2,1.476491,151004,0.004345,8,1024
3,2.315167,240320,0.000849,11,1024
4,3.133295,334954,0.000849,11,1024
5,3.864834,410767,0.000848,11,1024
6,4.591541,479417,0.000848,11,1024
7,5.332735,554135,0.000848,11,1024
8,6.115251,634689,0.000848,11,1024
9,6.94691,721556,0.000848,11,1024
10,7.77166,812430,0.000848,11,1024
11,8.537069,891017,0.000848,11,1024
12,9.289606,963077,0.000848,11,1024
13,10.078716,1037181,0.000848,11,1024
