gen,time,evals,best_fit,best_size,pop_size
1,0.962612,64204,0.006855,16,1024
2,1.996735,145692,0.003054,9,1024
3,3.047159,222397,0.000887,10,1024
4,4.11591,301534,0.000887,10,1024
5,5.298512,396442,0.000794,15,1024
6,6.471695,492073,0.0007,14,1024
7,7.659292,585836,0.000422,20,1024
8,8.878212,679178,0.000397,19,1024
9,10.108414,766789,0.000397,19,1024
10,11.285567,852646,0.000371,19,1024
11,12.460555,938579,0.000357,19,1024
12,13.68005,1024399,0.000337,18,1024
