gen,time,evals,best_fit,best_size,pop_size
1,1.05982,68265,0.002238,10,1024
2,2.172535,149969,0.002238,10,1024
3,3.360749,236855,0.001252,9,1024
4,4.590862,328341,0.000907,15,1024
5,5.95246,426313,0.000698,11,1024
6,7.219279,518447,0.000589,11,1024
7,8.403738,598959,0.000581,11,1024
8,9.610897,679912,0.000573,11,1024
9,10.846245,763622,0.000573,11,1024
10,12.110678,852674,0.000573,11,1024
11,13.385144,941689,0.000573,11,1024
12,14.660564,1027656,0.000573,11,1024
