dataset,seed,train_rmse,test_rmse,train_r2,test_r2,model,simpl_model,size,simpl_size,runtime,coeff_mut,gom_coeff_mut_strat,ims,linear_scaling,data_standardization,quick_test
r1,5,0.028501178654488295,0.026007229017274886,0.9998948294284558,0.9999124297161824,0.437373+3.101029*(((((2.713560/-3.354866)/(-3.136738*-4.994936))+((1.450198+x0)/(-4.352000/x0)))*(sin((x0*-3.394909))-(sin(-4.317009)*(x0--3.602773))))),(0.712552619485294*x0*(x0 + 1.450198) + 0.160089152301787)*(0.922850278169549*x0 + sin(3.394909*x0) + 3.32482006523174) + 0.437373,27,20,15.753967046737671,0.5_es,interleaved,False,True,False,False
