dataset,seed,train_rmse,test_rmse,train_r2,test_r2,model,simpl_model,size,simpl_size,runtime,coeff_mut,gom_coeff_mut_strat,ims,linear_scaling,data_standardization,quick_test
r1,9,0.02601113931638886,0.027393357733010305,0.9999124033810627,0.9999028463477962,3.987713+-4.043989*(cos((((-0.636517+3.684741)+cos(x0))*sqrt((1.870210-x0))))),3.987713 - 4.043989*cos(sqrt(1 - 0.534699311841986*x0)*(1.3675562145667*cos(x0) + 4.16861767459136)),12,19,13.519158363342285,0.5_0.1_0.1_5,afterfossize,False,True,False,False
