dataset,seed,train_rmse,test_rmse,train_r2,test_r2,model,simpl_model,size,simpl_size,runtime,coeff_mut,gom_coeff_mut_strat,ims,linear_scaling,data_standardization,quick_test
r1,7,0.015273001802786706,0.014193691661562167,0.999969799272883,0.999973916892802,-0.020133+1.037272*((exp(((x0*-1.824768)*(-2.107918+x0)))+((exp(-2.591061)*exp(-4.474542))/sin((x0+-7.278455))))),1.037272*exp(-1.824768*x0**2 + 3.846461313024*x0) - 0.020133 + 0.000885809350918391/sin(x0 - 7.278455),19,22,44.118701219558716,0.5_0.9_0.9_5,afteronce,False,True,False,False
