dataset,seed,train_rmse,test_rmse,train_r2,test_r2,model,simpl_model,size,simpl_size,runtime,coeff_mut,gom_coeff_mut_strat,ims,linear_scaling,data_standardization,quick_test
r1,0,0.0021509429290244605,0.0020998341202526382,0.9999994010006268,0.9999994291282268,1.001816+1.370092*(((-2.999006-sin(x0))/(((-1.030836+x0)/x0)+cos((x0+1.375757))))),(-2.35291361730237*x0*sin(x0) + 0.194157066364209*x0*cos(x0) - 3.107098128552*x0 - 1.032707998176)/(x0*cos(x0 + 1.375757) + x0 - 1.030836),15,27,15.778594255447388,1.0_0.1_0.9_5,interleaved,False,True,False,False
