dataset,seed,train_rmse,test_rmse,train_r2,test_r2,model,simpl_model,size,simpl_size,runtime,coeff_mut,gom_coeff_mut_strat,ims,linear_scaling,data_standardization,quick_test
r1,6,0.008177576527491064,0.008608409664274598,0.9999913419951003,0.9999904056745538,-0.015411+1.465693*((sqrt((sin(x0)+cos(-5.468087)))/(sqrt(exp(-3.172609))+exp((x0*-3.865973))))),(1.465693*sqrt(sin(x0) + 0.685796849491522)*exp(3.865973*x0) - 0.00315433292735569*exp(3.865973*x0) - 0.015411)/(0.204680613026779*exp(3.865973*x0) + 1),15,31,15.234418869018555,1.0_0.9_0.1_5,afterfossize,False,True,False,False
