dataset,seed,train_rmse,test_rmse,train_r2,test_r2,model,simpl_model,size,simpl_size,runtime,coeff_mut,gom_coeff_mut_strat,ims,linear_scaling,data_standardization,quick_test
r1,3,0.018651898332404153,0.015170528214746548,0.9999549583105147,0.9999702031744563,0.020656+2.205592*(exp((((x0+-2.462191)/(x0+2.953061))*((0.987162-x0)-(x0/0.288800))))),2.205592*exp(-4.46260387811634*x0**2/(x0 + 2.953061) + 11.9749451052632*x0/(x0 + 2.953061) - 2.430581391942/(x0 + 2.953061)) + 0.020656,16,31,14.415748834609985,0.5_0.1_0.9_5,afterfossize,False,True,False,False
