dataset,seed,train_rmse,test_rmse,train_r2,test_r2,model,simpl_model,size,simpl_size,runtime,coeff_mut,gom_coeff_mut_strat,ims,linear_scaling,data_standardization,quick_test
r1,7,0.023045897388679886,0.021851274576920102,0.9999312368377032,0.9999381809763391,0.966004+706.808360*(((cos(sqrt(11.226951))+cos((x0/-8.467367)))/(exp((0.772043-x0))*(log(x0)+(1.867949/x0))))),(326.593594717055*x0*(cos(0.118100467358979*x0) - 0.978224025522488)*exp(x0) + 0.966004*x0*log(x0) + 1.804446205796)/(x0*log(x0) + 1.867949),20,27,15.505397081375122,1.0_0.9_0.9_5,afterfossize,False,True,False,False
